progress,position_base_x,position_base_y,position_base_z,velocity_base_x,velocity_base_y,velocity_base_z,measurement_age_s,predicted,confidence,hover_distance_m,object_displacement_m
0,0.106338217,-0.466786924,0.0697975383,3.1054801e-05,-0.000422107559,3.52083224e-05,0.0210585,1,0.927257061,0.276325128,5.98827898e-07
1,0.106338761,-0.46679431,0.0697981543,3.1054801e-05,-0.000422107559,3.52083224e-05,0.038554298,1,0.927257061,0.276332846,8.02947309e-06
2,0.106339273,-0.466801273,0.0697987352,3.1054801e-05,-0.000422107559,3.52083224e-05,0.055051595,1,0.927257061,0.276300068,1.50360446e-05
3,0.106339818,-0.466808686,0.0697993535,3.1054801e-05,-0.000422107559,3.52083224e-05,0.072613417,1,0.927257061,0.276253508,2.24947309e-05
4,0.106340316,-0.466815447,0.0697999174,3.1054801e-05,-0.000422107559,3.52083224e-05,0.088630415,1,0.927257061,0.276162849,2.92973145e-05
5,0.106340669,-0.466820246,0.0698003177,3.1054801e-05,-0.000422107559,3.52083224e-05,0.105142801,1,0.927257061,0.275965509,3.41260941e-05
6,0.106340669,-0.466820246,0.0698003177,3.1054801e-05,-0.000422107559,3.52083224e-05,0.12270297,1,0.927257061,0.275597363,3.41260941e-05
7,0.106340669,-0.466820246,0.0698003177,3.1054801e-05,-0.000422107559,3.52083224e-05,0.138660786,1,0.927257061,0.275050947,3.41260941e-05
8,0.106340669,-0.466820246,0.0698003177,3.1054801e-05,-0.000422107559,3.52083224e-05,0.155087429,1,0.927257061,0.274294382,3.41260941e-05
9,0.106340669,-0.466820246,0.0698003177,3.1054801e-05,-0.000422107559,3.52083224e-05,0.172641888,1,0.927257061,0.273384366,3.41260941e-05
10,0.106340669,-0.466820246,0.0698003177,3.1054801e-05,-0.000422107559,3.52083224e-05,0.188590045,1,0.927257061,0.272347689,3.41260941e-05
11,0.106340669,-0.466820246,0.0698003177,3.1054801e-05,-0.000422107559,3.52083224e-05,0.206549109,1,0.927257061,0.271009885,3.41260941e-05
12,0.107137556,-0.466584754,0.0707445067,0.00154000166,0.000124358189,0.00182344768,0.020501867,0,0.958594203,0.269667138,0.00125558302
13,0.107162205,-0.466582764,0.0707736916,0.00154000166,0.000124358189,0.00182344768,0.036507213,1,0.958594203,0.268182706,0.0012936145
14,0.107187641,-0.46658071,0.0708038093,0.00154000166,0.000124358189,0.00182344768,0.053024107,1,0.958594203,0.266385838,0.00133287477
15,0.107214573,-0.466578535,0.0708356985,0.00154000166,0.000124358189,0.00182344768,0.07051247,1,0.958594203,0.264696057,0.00137445762
16,0.107239285,-0.46657654,0.0708649592,0.00154000166,0.000124358189,0.00182344768,0.086559395,1,0.958594203,0.26296434,0.00141262421
17,0.107259984,-0.466574868,0.0708894674,0.00154000166,0.000124358189,0.00182344768,0.103319029,1,0.958594203,0.260908281,0.0014445994
18,0.107259984,-0.466574868,0.0708894674,0.00154000166,0.000124358189,0.00182344768,0.120504058,1,0.958594203,0.258981362,0.0014445994
19,0.107259984,-0.466574868,0.0708894674,0.00154000166,0.000124358189,0.00182344768,0.136557074,1,0.958594203,0.257103332,0.0014445994
20,0.107259984,-0.466574868,0.0708894674,0.00154000166,0.000124358189,0.00182344768,0.153105708,1,0.958594203,0.254940369,0.0014445994
21,0.107259984,-0.466574868,0.0708894674,0.00154000166,0.000124358189,0.00182344768,0.170548375,1,0.958594203,0.252980918,0.0014445994
22,0.107259984,-0.466574868,0.0708894674,0.00154000166,0.000124358189,0.00182344768,0.186515559,1,0.958594203,0.250934567,0.0014445994
23,0.107259984,-0.466574868,0.0708894674,0.00154000166,0.000124358189,0.00182344768,0.203773956,1,0.958594203,0.248579778,0.0014445994
24,0.107719704,-0.465467707,0.0702674993,0.00206497358,0.0022156062,0.000211864545,0.019301776,0,0.946820259,0.247352746,0.00196679937
25,0.107752857,-0.465432136,0.0702709008,0.00206497358,0.0022156062,0.000211864545,0.035356846,1,0.946820259,0.245284521,0.00201476777
26,0.107787291,-0.46539519,0.0702744337,0.00206497358,0.0022156062,0.000211864545,0.05203209,1,0.946820259,0.242945252,0.00206462759
27,0.107823338,-0.465356514,0.0702781321,0.00206497358,0.0022156062,0.000211864545,0.069488272,1,0.946820259,0.240837233,0.00211686151
28,0.107856039,-0.465321427,0.0702814872,0.00206497358,0.0022156062,0.000211864545,0.085324588,1,0.946820259,0.238730282,0.00216428049
29,0.107886344,-0.465288912,0.0702845964,0.00206497358,0.0022156062,0.000211864545,0.101869145,1,0.946820259,0.236293944,0.0022082489
30,0.107886344,-0.465288912,0.0702845964,0.00206497358,0.0022156062,0.000211864545,0.119388406,1,0.946820259,0.23413956,0.0022082489
31,0.107886344,-0.465288912,0.0702845964,0.00206497358,0.0022156062,0.000211864545,0.136204717,1,0.946820259,0.231647777,0.0022082489
32,0.107886344,-0.465288912,0.0702845964,0.00206497358,0.0022156062,0.000211864545,0.152265418,1,0.946820259,0.229509774,0.0022082489
33,0.107886344,-0.465288912,0.0702845964,0.00206497358,0.0022156062,0.000211864545,0.169379002,1,0.946820259,0.227295616,0.0022082489
34,0.107886344,-0.465288912,0.0702845964,0.00206497358,0.0022156062,0.000211864545,0.185486802,1,0.946820259,0.225158419,0.0022082489
35,0.107886344,-0.465288912,0.0702845964,0.00206497358,0.0022156062,0.000211864545,0.203251508,1,0.946820259,0.222698424,0.0022082489
36,0.10691034,-0.465740046,0.0711469369,-0.000277608254,0.000844295322,0.0018157734,0.017733026,0,0.947398365,0.219153734,0.00180085929
37,0.106905785,-0.465726192,0.0711767317,-0.000277608254,0.000844295322,0.0018157734,0.034141946,1,0.947398365,0.216904338,0.00182985943
38,0.106900927,-0.465711417,0.0712085066,-0.000277608254,0.000844295322,0.0018157734,0.05164131,1,0.947398365,0.214443791,0.00186094036
39,0.106896385,-0.465697603,0.0712382155,-0.000277608254,0.000844295322,0.0018157734,0.06800287,1,0.947398365,0.212238494,0.00189013707
40,0.106891478,-0.465682679,0.071270311,-0.000277608254,0.000844295322,0.0018157734,0.085678798,1,0.947398365,0.209744323,0.00192182051
41,0.106887502,-0.465670588,0.071296315,-0.000277608254,0.000844295322,0.0018157734,0.101711476,1,0.947398365,0.207505833,0.00194759355
42,0.106887502,-0.465670588,0.071296315,-0.000277608254,0.000844295322,0.0018157734,0.118187723,1,0.947398365,0.205375738,0.00194759355
43,0.106887502,-0.465670588,0.071296315,-0.000277608254,0.000844295322,0.0018157734,0.135718056,1,0.947398365,0.202830913,0.00194759355
44,0.106887502,-0.465670588,0.071296315,-0.000277608254,0.000844295322,0.0018157734,0.151777434,1,0.947398365,0.200603904,0.00194759355
45,0.106887502,-0.465670588,0.071296315,-0.000277608254,0.000844295322,0.0018157734,0.168523903,1,0.947398365,0.198130672,0.00194759355
46,0.106887502,-0.465670588,0.071296315,-0.000277608254,0.000844295322,0.0018157734,0.185627177,1,0.947398365,0.195923087,0.00194759355
47,0.106887502,-0.465670588,0.071296315,-0.000277608254,0.000844295322,0.0018157734,0.202149301,1,0.947398365,0.193676316,0.00194759355
48,0.107330255,-0.46613912,0.0716650668,0.000634500655,-0.0002473745,0.00210524674,0.018530816,0,0.948224247,0.19115232,0.00221155
49,0.107340419,-0.466143083,0.0716987903,0.000634500655,-0.0002473745,0.00210524674,0.034549627,1,0.948224247,0.188915789,0.00224348167
50,0.107351783,-0.466147513,0.0717364949,0.000634500655,-0.0002473745,0.00210524674,0.052459468,1,0.948224247,0.186437747,0.00227930584
51,0.107361921,-0.466151466,0.0717701316,0.000634500655,-0.0002473745,0.00210524674,0.068436981,1,0.948224247,0.184197821,0.00231136968
52,0.107372252,-0.466155494,0.0718044092,0.000634500655,-0.0002473745,0.00210524674,0.084718971,1,0.948224247,0.182010394,0.00234414185
53,0.107381947,-0.466159274,0.0718365795,0.000634500655,-0.0002473745,0.00210524674,0.102338232,1,0.948224247,0.1795077,0.00237498506
54,0.107381947,-0.466159274,0.0718365795,0.000634500655,-0.0002473745,0.00210524674,0.118343147,1,0.948224247,0.177279195,0.00237498506
55,0.107381947,-0.466159274,0.0718365795,0.000634500655,-0.0002473745,0.00210524674,0.136414874,1,0.948224247,0.174782394,0.00237498506
56,0.107381947,-0.466159274,0.0718365795,0.000634500655,-0.0002473745,0.00210524674,0.152347222,1,0.948224247,0.172592971,0.00237498506
57,0.107381947,-0.466159274,0.0718365795,0.000634500655,-0.0002473745,0.00210524674,0.168843618,1,0.948224247,0.170384583,0.00237498506
58,0.107381947,-0.466159274,0.0718365795,0.000634500655,-0.0002473745,0.00210524674,0.186362138,1,0.948224247,0.167934247,0.00237498506
59,0.107381947,-0.466159274,0.0718365795,0.000634500655,-0.0002473745,0.00210524674,0.202667522,1,0.948224247,0.165720037,0.00237498506
60,0.107381947,-0.466159274,0.0718365795,0.000634500655,-0.0002473745,0.00210524674,0.216292252,1,0.948224247,0.163837668,0.00237498506
61,0.107977523,-0.466566429,0.0727284857,0.00157817876,-0.000939685314,0.00322607388,0.034650338,0,0.953611791,0.160751779,0.00336549658
62,0.108005664,-0.466583185,0.0727860102,0.00157817876,-0.000939685314,0.00322607388,0.05248148,1,0.953611791,0.158304213,0.00342827268
63,0.108030859,-0.466598186,0.0728375128,0.00157817876,-0.000939685314,0.00322607388,0.068445959,1,0.953611791,0.156125134,0.00348458438
64,0.108056516,-0.466613463,0.0728899615,0.00157817876,-0.000939685314,0.00322607388,0.084703702,1,0.953611791,0.153962715,0.00354202955
65,0.108080657,-0.466627837,0.0729393085,0.00157817876,-0.000939685314,0.00322607388,0.10106405,1,0.953611791,0.152056913,0.00359616454
66,0.108080657,-0.466627837,0.0729393085,0.00157817876,-0.000939685314,0.00322607388,0.11787479,1,0.953611791,0.149911235,0.00359616454
67,0.108080657,-0.466627837,0.0729393085,0.00157817876,-0.000939685314,0.00322607388,0.134585451,1,0.953611791,0.147783093,0.00359616454
68,0.108080657,-0.466627837,0.0729393085,0.00157817876,-0.000939685314,0.00322607388,0.151094361,1,0.953611791,0.145351403,0.00359616454
69,0.108080657,-0.466627837,0.0729393085,0.00157817876,-0.000939685314,0.00322607388,0.168168329,1,0.953611791,0.143223009,0.00359616454
70,0.108080657,-0.466627837,0.0729393085,0.00157817876,-0.000939685314,0.00322607388,0.184900501,1,0.953611791,0.141037122,0.00359616454
71,0.108080657,-0.466627837,0.0729393085,0.00157817876,-0.000939685314,0.00322607388,0.197363101,1,0.953611791,0.138661053,0.00359616454
72,0.108080657,-0.466627837,0.0729393085,0.00157817876,-0.000939685314,0.00322607388,0.214505329,1,0.953611791,0.136491436,0.00359616454
73,0.109621,-0.46604894,0.0713266709,0.00408147289,0.000376647777,-0.000589901306,0.028975347,0,0.960070014,0.136630169,0.00369582048
74,0.109688922,-0.466042672,0.071316854,0.00408147289,0.000376647777,-0.000589901306,0.045616917,1,0.960070014,0.134302254,0.0037535332
75,0.109759544,-0.466036155,0.0713066469,0.00408147289,0.000376647777,-0.000589901306,0.062919949,1,0.960070014,0.132230298,0.00381393421
76,0.109825003,-0.466030114,0.071297186,0.00408147289,0.000376647777,-0.000589901306,0.078958107,1,0.960070014,0.130189913,0.00387026269
77,0.109892857,-0.466023853,0.0712873789,0.00408147289,0.000376647777,-0.000589901306,0.095583026,1,0.960070014,0.127894504,0.00392898457
78,0.109910885,-0.466022189,0.0712847734,0.00408147289,0.000376647777,-0.000589901306,0.112878674,1,0.960070014,0.1258218,0.00394464108
79,0.109910885,-0.466022189,0.0712847734,0.00408147289,0.000376647777,-0.000589901306,0.128969832,1,0.960070014,0.123767613,0.00394464108
80,0.109910885,-0.466022189,0.0712847734,0.00408147289,0.000376647777,-0.000589901306,0.145874961,1,0.960070014,0.12147889,0.00394464108
81,0.109910885,-0.466022189,0.0712847734,0.00408147289,0.000376647777,-0.000589901306,0.162889197,1,0.960070014,0.119530276,0.00394464108
82,0.109910885,-0.466022189,0.0712847734,0.00408147289,0.000376647777,-0.000589901306,0.179161548,1,0.960070014,0.117498779,0.00394464108
83,0.109910885,-0.466022189,0.0712847734,0.00408147289,0.000376647777,-0.000589901306,0.195745239,1,0.960070014,0.115286524,0.00394464108
84,0.110512228,-0.46667379,0.0716518974,0.00435466483,-0.000972666611,0.00025321883,0.011883995,0,0.963953555,0.113176305,0.00456883233
85,0.110582138,-0.466689406,0.0716559626,0.00435466483,-0.000972666611,0.00025321883,0.027937983,1,0.963953555,0.11126781,0.00463406442
86,0.110655117,-0.466705707,0.0716602063,0.00435466483,-0.000972666611,0.00025321883,0.044696915,1,0.963953555,0.109026298,0.0047023634
87,0.110729659,-0.466722356,0.0716645408,0.00435466483,-0.000972666611,0.00025321883,0.061814496,1,0.963953555,0.107025742,0.00477232843
88,0.110800378,-0.466738152,0.071668653,0.00435466483,-0.000972666611,0.00025321883,0.078054396,1,0.963953555,0.105015861,0.00483888897
89,0.110872842,-0.466754338,0.0716728667,0.00435466483,-0.000972666611,0.00025321883,0.094694914,1,0.963953555,0.102815269,0.00490726849
90,0.110895944,-0.466759498,0.07167421,0.00435466483,-0.000972666611,0.00025321883,0.11181519,1,0.963953555,0.100839057,0.0049291047
91,0.110895944,-0.466759498,0.07167421,0.00435466483,-0.000972666611,0.00025321883,0.128010346,1,0.963953555,0.0988724,0.0049291047
92,0.110895944,-0.466759498,0.07167421,0.00435466483,-0.000972666611,0.00025321883,0.144591281,1,0.963953555,0.0967054586,0.0049291047
93,0.110895944,-0.466759498,0.07167421,0.00435466483,-0.000972666611,0.00025321883,0.161899343,1,0.963953555,0.0947831842,0.0049291047
94,0.110895944,-0.466759498,0.07167421,0.00435466483,-0.000972666611,0.00025321883,0.178027,1,0.963953555,0.0929047407,0.0049291047
95,0.110895944,-0.466759498,0.07167421,0.00435466483,-0.000972666611,0.00025321883,0.19466827,1,0.963953555,0.0908475972,0.0049291047
96,0.111015256,-0.467217307,0.0724357143,0.00363502626,-0.00164884318,0.00167605053,0.010774775,0,0.963267386,0.0883682255,0.00538712165
97,0.111071419,-0.467242782,0.0724616101,0.00363502626,-0.00164884318,0.00167605053,0.026225241,1,0.963267386,0.0865485298,0.00545064276
98,0.11113178,-0.467270162,0.0724894414,0.00363502626,-0.00164884318,0.00167605053,0.042830552,1,0.963267386,0.0844624732,0.00551900043
99,0.111194488,-0.467298606,0.0725183552,0.00363502626,-0.00164884318,0.00167605053,0.060081706,1,0.963267386,0.0826726747,0.00559011053
100,0.111254052,-0.467325624,0.072545819,0.00363502626,-0.00164884318,0.00167605053,0.076467713,1,0.963267386,0.0809112443,0.00565773971
101,0.111313951,-0.467352794,0.0725734375,0.00363502626,-0.00164884318,0.00167605053,0.092946014,1,0.963267386,0.0789604076,0.00572583052
102,0.111339592,-0.467364425,0.0725852603,0.00363502626,-0.00164884318,0.00167605053,0.110088983,1,0.963267386,0.0771896663,0.00575500269
103,0.111339592,-0.467364425,0.0725852603,0.00363502626,-0.00164884318,0.00167605053,0.126493485,1,0.963267386,0.0754614409,0.00575500269
104,0.111339592,-0.467364425,0.0725852603,0.00363502626,-0.00164884318,0.00167605053,0.144236049,1,0.963267386,0.0734908285,0.00575500269
105,0.111339592,-0.467364425,0.0725852603,0.00363502626,-0.00164884318,0.00167605053,0.160063057,1,0.963267386,0.0718382618,0.00575500269
106,0.111339592,-0.467364425,0.0725852603,0.00363502626,-0.00164884318,0.00167605053,0.176443783,1,0.963267386,0.0701826367,0.00575500269
107,0.111339592,-0.467364425,0.0725852603,0.00363502626,-0.00164884318,0.00167605053,0.193112896,1,0.963267386,0.0683271928,0.00575500269
108,0.111339592,-0.467364425,0.0725852603,0.00363502626,-0.00164884318,0.00167605053,0.211366988,1,0.963267386,0.0666818622,0.00575500269
109,0.11174067,-0.468203279,0.0733725947,0.00352460744,-0.00284051673,0.00276383887,0.024659628,0,0.968603492,0.0644826883,0.00663144752
110,0.111803038,-0.468253542,0.0734215009,0.00352460744,-0.00284051673,0.00276383887,0.042354662,1,0.968603492,0.0626363627,0.00671944348
111,0.111859617,-0.46829914,0.073465868,0.00352460744,-0.00284051673,0.00276383887,0.058407347,1,0.968603492,0.0609844815,0.00679940763
112,0.11191716,-0.468345513,0.07351099,0.00352460744,-0.00284051673,0.00276383887,0.0747332,1,0.968603492,0.0594419041,0.00688085992
113,0.111975157,-0.468392254,0.0735564691,0.00352460744,-0.00284051673,0.00276383887,0.091188237,1,0.968603492,0.0576705982,0.00696308216
114,0.112006215,-0.468417284,0.0735808234,0.00352460744,-0.00284051673,0.00276383887,0.108370741,1,0.968603492,0.0561303261,0.00700716287
115,0.112006215,-0.468417284,0.0735808234,0.00352460744,-0.00284051673,0.00276383887,0.124933362,1,0.968603492,0.054602219,0.00700716287
116,0.112006215,-0.468417284,0.0735808234,0.00352460744,-0.00284051673,0.00276383887,0.141422323,1,0.968603492,0.0528752977,0.00700716287
117,0.112006215,-0.468417284,0.0735808234,0.00352460744,-0.00284051673,0.00276383887,0.158522531,1,0.968603492,0.0514095746,0.00700716287
118,0.112006215,-0.468417284,0.0735808234,0.00352460744,-0.00284051673,0.00276383887,0.174577932,1,0.968603492,0.0499201383,0.00700716287
119,0.112006215,-0.468417284,0.0735808234,0.00352460744,-0.00284051673,0.00276383887,0.192444952,1,0.968603492,0.0482531244,0.00700716287
120,0.112006215,-0.468417284,0.0735808234,0.00352460744,-0.00284051673,0.00276383887,0.208574042,1,0.968603492,0.0467820288,0.00700716287
121,0.112658996,-0.468497861,0.0741364818,0.00390213764,-0.00230549765,0.00314235068,0.026699769,0,0.954990089,0.0448984659,0.00785550796
122,0.112714158,-0.468530453,0.0741809031,0.00390213764,-0.00230549765,0.00314235068,0.040836097,1,0.954990089,0.0436387641,0.00793154904
123,0.112776083,-0.468567039,0.0742307703,0.00390213764,-0.00230549765,0.00314235068,0.056705486,1,0.954990089,0.0422251534,0.00801695647
124,0.112840045,-0.46860483,0.0742822786,0.00390213764,-0.00230549765,0.00314235068,0.073097133,1,0.954990089,0.0407946746,0.00810522199
125,0.112908705,-0.468645397,0.0743375697,0.00390213764,-0.00230549765,0.00314235068,0.090692598,1,0.954990089,0.0392388482,0.0082000216
126,0.112945024,-0.468666855,0.0743668168,0.00390213764,-0.00230549765,0.00314235068,0.106674359,1,0.954990089,0.0378918789,0.00825018845
127,0.112945024,-0.468666855,0.0743668168,0.00390213764,-0.00230549765,0.00314235068,0.12296765,1,0.954990089,0.0365757186,0.00825018845
128,0.112945024,-0.468666855,0.0743668168,0.00390213764,-0.00230549765,0.00314235068,0.140633529,1,0.954990089,0.0350501053,0.00825018845
129,0.112945024,-0.468666855,0.0743668168,0.00390213764,-0.00230549765,0.00314235068,0.156674763,1,0.954990089,0.0337084159,0.00825018845
130,0.112945024,-0.468666855,0.0743668168,0.00390213764,-0.00230549765,0.00314235068,0.172962663,1,0.954990089,0.0323778481,0.00825018845
131,0.112945024,-0.468666855,0.0743668168,0.00390213764,-0.00230549765,0.00314235068,0.190622401,1,0.954990089,0.030863542,0.00825018845
132,0.112945024,-0.468666855,0.0743668168,0.00390213764,-0.00230549765,0.00314235068,0.206740851,1,0.954990089,0.0295040801,0.00825018845
133,0.113645915,-0.468584236,0.0739975203,0.00432371132,-0.00160886056,0.00170413675,0.021295268,0,0.952222705,0.0289362546,0.0086183424
134,0.1137231,-0.468612957,0.0740279419,0.00432371132,-0.00160886056,0.00170413675,0.039146889,1,0.952222705,0.0275517602,0.00870462242
135,0.113792157,-0.468638653,0.0740551598,0.00432371132,-0.00160886056,0.00170413675,0.055118531,1,0.952222705,0.0263353914,0.00878184162
136,0.113862439,-0.468664805,0.0740828606,0.00432371132,-0.00160886056,0.00170413675,0.071373589,1,0.952222705,0.0251634026,0.00886045507
137,0.113939076,-0.468693322,0.074113066,0.00432371132,-0.00160886056,0.00170413675,0.08909833,1,0.952222705,0.0238517363,0.00894620312
138,0.113986212,-0.468710861,0.0741316439,0.00432371132,-0.00160886056,0.00170413675,0.105081373,1,0.952222705,0.0226399716,0.00899895637
139,0.113986212,-0.468710861,0.0741316439,0.00432371132,-0.00160886056,0.00170413675,0.12133565,1,0.952222705,0.0214078153,0.00899895637
140,0.113986212,-0.468710861,0.0741316439,0.00432371132,-0.00160886056,0.00170413675,0.139095096,1,0.952222705,0.0200457101,0.00899895637
141,0.113986212,-0.468710861,0.0741316439,0.00432371132,-0.00160886056,0.00170413675,0.155065306,1,0.952222705,0.018870186,0.00899895637
142,0.113986212,-0.468710861,0.0741316439,0.00432371132,-0.00160886056,0.00170413675,0.171536794,1,0.952222705,0.0177238736,0.00899895637
143,0.113986212,-0.468710861,0.0741316439,0.00432371132,-0.00160886056,0.00170413675,0.189109306,1,0.952222705,0.0164994099,0.00899895637
144,0.113986212,-0.468710861,0.0741316439,0.00432371132,-0.00160886056,0.00170413675,0.205524828,1,0.952222705,0.0154313308,0.00899895637
145,0.113986212,-0.468710861,0.0741316439,0.00432371132,-0.00160886056,0.00170413675,0.221478556,1,0.952222705,0.0143840132,0.00899895637
146,0.113748687,-0.46781305,0.0744602818,0.00277429777,0.000461743583,0.00187286492,0.037502777,0,0.958464861,0.0127231171,0.00881541301
147,0.11379307,-0.467805663,0.0744902436,0.00277429777,0.000461743583,0.00187286492,0.053500649,1,0.958464861,0.0116991686,0.00886772076
148,0.113838637,-0.467798079,0.0745210047,0.00277429777,0.000461743583,0.00187286492,0.069925268,1,0.958464861,0.0107119519,0.00892144552
149,0.113887469,-0.467789951,0.0745539703,0.00277429777,0.000461743583,0.00187286492,0.087526936,1,0.958464861,0.00966022045,0.00897904436
150,0.113922073,-0.467784192,0.0745773306,0.00277429777,0.000461743583,0.00187286492,0.103560084,1,0.958464861,0.00877912182,0.00901987535
151,0.113922073,-0.467784192,0.0745773306,0.00277429777,0.000461743583,0.00187286492,0.119922746,1,0.958464861,0.00795919212,0.00901987535
152,0.113922073,-0.467784192,0.0745773306,0.00277429777,0.000461743583,0.00187286492,0.137528181,1,0.958464861,0.00719855383,0.00901987535
153,0.113922073,-0.467784192,0.0745773306,0.00277429777,0.000461743583,0.00187286492,0.153451411,1,0.958464861,0.00663647364,0.00901987535
154,0.113922073,-0.467784192,0.0745773306,0.00277429777,0.000461743583,0.00187286492,0.169909083,1,0.958464861,0.00618783791,0.00901987535
155,0.113922073,-0.467784192,0.0745773306,0.00277429777,0.000461743583,0.00187286492,0.187391164,1,0.958464861,0.0059342452,0.00901987535
156,0.113922073,-0.467784192,0.0745773306,0.00277429777,0.000461743583,0.00187286492,0.203374378,1,0.958464861,0.00592645326,0.00901987535
157,0.113968442,-0.4677346,0.0746214432,0.00220275941,0.000445998701,0.00151131506,0.023967367,0,0.939999878,0.00617701598,0.00907693553
158,0.113994781,-0.467729267,0.0746395139,0.00220275941,0.000445998701,0.00151131506,0.03592432,1,0.939999878,0.00650606376,0.00910812684
159,0.114030263,-0.467722083,0.0746638581,0.00220275941,0.000445998701,0.00151131506,0.05203226,1,0.939999878,0.00703844234,0.00915015966
160,0.114066331,-0.46771478,0.0746886047,0.00220275941,0.000445998701,0.00151131506,0.068406434,1,0.939999878,0.0076587428,0.00919290242
161,0.114105049,-0.46770694,0.0747151695,0.00220275941,0.000445998701,0.00151131506,0.085983705,1,0.939999878,0.00848997179,0.00923880254
162,0.114135924,-0.467700689,0.0747363525,0.00220275941,0.000445998701,0.00151131506,0.103896962,1,0.939999878,0.00936897417,0.00927541608
163,0.114135924,-0.467700689,0.0747363525,0.00220275941,0.000445998701,0.00151131506,0.120418395,1,0.939999878,0.0103303572,0.00927541608
164,0.114135924,-0.467700689,0.0747363525,0.00220275941,0.000445998701,0.00151131506,0.136330785,1,0.939999878,0.0110745545,0.00927541608
165,0.114135924,-0.467700689,0.0747363525,0.00220275941,0.000445998701,0.00151131506,0.153903507,1,0.939999878,0.0119546136,0.00927541608
166,0.114135924,-0.467700689,0.0747363525,0.00220275941,0.000445998701,0.00151131506,0.170260409,1,0.939999878,0.012875741,0.00927541608
167,0.114135924,-0.467700689,0.0747363525,0.00220275941,0.000445998701,0.00151131506,0.187947718,1,0.939999878,0.0138868628,0.00927541608
168,0.114135924,-0.467700689,0.0747363525,0.00220275941,0.000445998701,0.00151131506,0.203925352,1,0.939999878,0.0147466394,0.00927541608
169,0.113830534,-0.466856811,0.0746954353,0.00110918835,0.00194803811,0.00108186124,0.020082313,0,0.82517916,0.0152548999,0.00895155397
170,0.113846048,-0.466829565,0.0747105668,0.00110918835,0.00194803811,0.00108186124,0.034068838,1,0.82517916,0.0161698146,0.00897264646
171,0.113865736,-0.466794988,0.0747297695,0.00110918835,0.00194803811,0.00108186124,0.051818575,1,0.82517916,0.0171907348,0.00899953681
172,0.113883627,-0.466763566,0.0747472198,0.00110918835,0.00194803811,0.00108186124,0.067948387,1,0.82517916,0.0181126107,0.00902409112
173,0.113901596,-0.466732006,0.0747647468,0.00110918835,0.00194803811,0.00108186124,0.084149223,1,0.82517916,0.0190402495,0.0090488658
174,0.113919178,-0.466701128,0.0747818952,0.00110918835,0.00194803811,0.00108186124,0.101827034,1,0.82517916,0.0200576085,0.00907321314
175,0.113919178,-0.466701128,0.0747818952,0.00110918835,0.00194803811,0.00108186124,0.117962506,1,0.82517916,0.0208891611,0.00907321314
176,0.113919178,-0.466701128,0.0747818952,0.00110918835,0.00194803811,0.00108186124,0.135893327,1,0.82517916,0.0218596649,0.00907321314
177,0.113919178,-0.466701128,0.0747818952,0.00110918835,0.00194803811,0.00108186124,0.151751865,1,0.82517916,0.0226843977,0.00907321314
178,0.113919178,-0.466701128,0.0747818952,0.00110918835,0.00194803811,0.00108186124,0.168272866,1,0.82517916,0.0235451858,0.00907321314
179,0.113919178,-0.466701128,0.0747818952,0.00110918835,0.00194803811,0.00108186124,0.186632088,1,0.82517916,0.0246507744,0.00907321314
180,0.113919178,-0.466701128,0.0747818952,0.00110918835,0.00194803811,0.00108186124,0.203833077,1,0.82517916,0.0255224055,0.00907321314
181,0.113919178,-0.466701128,0.0747818952,0.00110918835,0.00194803811,0.00108186124,0.216173075,1,0.82517916,0.0263324009,0.00907321314
182,0.114533412,-0.466781259,0.07488168,0.00196866187,0.00130925634,0.000994572589,0.033294131,0,0.878917098,0.0272008024,0.00964421905
183,0.114566284,-0.466759398,0.0748982872,0.00196866187,0.00130925634,0.000994572589,0.049991897,1,0.878917098,0.0280602733,0.009680944
184,0.114600372,-0.466736728,0.0749155084,0.00196866187,0.00130925634,0.000994572589,0.067307082,1,0.878917098,0.0289914656,0.00971907967
185,0.114632186,-0.466715569,0.0749315811,0.00196866187,0.00130925634,0.000994572589,0.083467482,1,0.878917098,0.0298007576,0.00975471991
186,0.114664733,-0.466693924,0.0749480238,0.00196866187,0.00130925634,0.000994572589,0.100315843,1,0.878917098,0.0306604403,0.00979122816
187,0.114664733,-0.466693924,0.0749480238,0.00196866187,0.00130925634,0.000994572589,0.117463471,1,0.878917098,0.0314240321,0.00979122816
188,0.114664733,-0.466693924,0.0749480238,0.00196866187,0.00130925634,0.000994572589,0.133854847,1,0.878917098,0.0322008913,0.00979122816
189,0.114664733,-0.466693924,0.0749480238,0.00196866187,0.00130925634,0.000994572589,0.151308144,1,0.878917098,0.0330788187,0.00979122816
190,0.114664733,-0.466693924,0.0749480238,0.00196866187,0.00130925634,0.000994572589,0.167671928,1,0.878917098,0.0338610962,0.00979122816
191,0.114664733,-0.466693924,0.0749480238,0.00196866187,0.00130925634,0.000994572589,0.18553509,1,0.878917098,0.0347676999,0.00979122816
192,0.114664733,-0.466693924,0.0749480238,0.00196866187,0.00130925634,0.000994572589,0.201524566,1,0.878917098,0.035532324,0.00979122816
193,0.114664733,-0.466693924,0.0749480238,0.00196866187,0.00130925634,0.000994572589,0.215533603,1,0.878917098,0.0362192059,0.00979122816
194,0.116237204,-0.468667853,0.0751430651,0.0044160391,-0.00271288393,0.0011095811,0.034178825,0,0.895259857,0.0372180763,0.0114064076
195,0.116310699,-0.468713003,0.0751615315,0.0044160391,-0.00271288393,0.0011095811,0.050821477,1,0.895259857,0.0379644623,0.0114863525
196,0.11638571,-0.468759084,0.075180379,0.0044160391,-0.00271288393,0.0011095811,0.0678076,1,0.895259857,0.0386730031,0.0115680711
197,0.116459006,-0.468804111,0.0751987952,0.0044160391,-0.00271288393,0.0011095811,0.084405086,1,0.895259857,0.0392327918,0.0116480384
198,0.116527873,-0.468846418,0.075216099,0.0044160391,-0.00271288393,0.0011095811,0.10092698,1,0.895259857,0.0397620345,0.0117232798
199,0.116527873,-0.468846418,0.075216099,0.0044160391,-0.00271288393,0.0011095811,0.117636228,1,0.895259857,0.0403164985,0.0117232798
200,0.116527873,-0.468846418,0.075216099,0.0044160391,-0.00271288393,0.0011095811,0.134760992,1,0.895259857,0.0407676299,0.0117232798
201,0.116527873,-0.468846418,0.075216099,0.0044160391,-0.00271288393,0.0011095811,0.151176795,1,0.895259857,0.0411637642,0.0117232798
202,0.116527873,-0.468846418,0.075216099,0.0044160391,-0.00271288393,0.0011095811,0.16804294,1,0.895259857,0.041705324,0.0117232798
203,0.116527873,-0.468846418,0.075216099,0.0044160391,-0.00271288393,0.0011095811,0.184912973,1,0.895259857,0.0422016607,0.0117232798
204,0.116527873,-0.468846418,0.075216099,0.0044160391,-0.00271288393,0.0011095811,0.197184982,1,0.895259857,0.0426797287,0.0117232798
205,0.116527873,-0.468846418,0.075216099,0.0044160391,-0.00271288393,0.0011095811,0.214064953,1,0.895259857,0.043189792,0.0117232798
206,0.117372405,-0.468276049,0.0746579663,0.00487719578,-0.000972076698,-0.000206105864,0.033009893,0,0.882977605,0.0427367297,0.0121489827
207,0.117431579,-0.468287843,0.0746554656,0.00487719578,-0.000972076698,-0.000206105864,0.045142709,1,0.882977605,0.0431709907,0.012203202
208,0.11751267,-0.468304006,0.0746520388,0.00487719578,-0.000972076698,-0.000206105864,0.0617692,1,0.882977605,0.0436924782,0.0122775964
209,0.117597896,-0.468320992,0.0746484373,0.00487719578,-0.000972076698,-0.000206105864,0.079243546,1,0.882977605,0.0441064212,0.012355899
210,0.117675383,-0.468336436,0.0746451627,0.00487719578,-0.000972076698,-0.000206105864,0.095131139,1,0.882977605,0.0445017698,0.0124271915
211,0.117699129,-0.468341169,0.0746441592,0.00487719578,-0.000972076698,-0.000206105864,0.111767019,1,0.882977605,0.0449867283,0.0124490584
212,0.117699129,-0.468341169,0.0746441592,0.00487719578,-0.000972076698,-0.000206105864,0.129199816,1,0.882977605,0.045426273,0.0124490584
213,0.117699129,-0.468341169,0.0746441592,0.00487719578,-0.000972076698,-0.000206105864,0.14519887,1,0.882977605,0.0458143746,0.0124490584
214,0.117699129,-0.468341169,0.0746441592,0.00487719578,-0.000972076698,-0.000206105864,0.161683273,1,0.882977605,0.0462408795,0.0124490584
215,0.117699129,-0.468341169,0.0746441592,0.00487719578,-0.000972076698,-0.000206105864,0.179156387,1,0.882977605,0.0466859965,0.0124490584
216,0.117699129,-0.468341169,0.0746441592,0.00487719578,-0.000972076698,-0.000206105864,0.195229891,1,0.882977605,0.0471325539,0.0124490584
217,0.117699129,-0.468341169,0.0746441592,0.00487719578,-0.000972076698,-0.000206105864,0.213215676,1,0.882977605,0.047535468,0.0124490584
218,0.118489067,-0.468158004,0.0744817113,0.00517768203,-0.000390786321,-0.000461765102,0.027914467,0,0.862787604,0.0476125711,0.0130945658
219,0.118571556,-0.46816423,0.0744743546,0.00517768203,-0.000390786321,-0.000461765102,0.043846124,1,0.862787604,0.0480199428,0.0131691815
220,0.118657238,-0.468170696,0.0744667132,0.00517768203,-0.000390786321,-0.000461765102,0.060394417,1,0.862787604,0.0484499622,0.0132467915
221,0.118747427,-0.468177504,0.0744586698,0.00517768203,-0.000390786321,-0.000461765102,0.077813279,1,0.862787604,0.0488518547,0.0133285994
