progress,observation_00,observation_01,observation_02,observation_03,observation_04,observation_05,observation_06,observation_07,observation_08,observation_09,observation_10,observation_11,observation_12,observation_13,observation_14,observation_15,observation_16,observation_17,observation_18,observation_19,observation_20,observation_21,observation_22,observation_23,observation_24,observation_25,observation_26,observation_27,observation_28,observation_29,observation_30,observation_31,observation_32,observation_33,observation_34,observation_35,observation_36,observation_37,observation_38,observation_39,observation_40,observation_41,observation_42,observation_43,observation_44,observation_45,observation_46,observation_47,observation_48,observation_49,observation_50,observation_51,observation_52,observation_53,observation_54,observation_55,observation_56,observation_57,observation_58,observation_59,observation_60,observation_61,observation_62,observation_63,observation_64,observation_65,observation_66,observation_67,observation_68
0,-0.277783096,-0.277770281,0.555567563,-0.277785838,0.277770817,5.98695578e-06,-0.97647059,0.978504598,-0.978504598,-0.976761103,0.978504598,-0.978504598,0,0,0,-0,-0,0,0,-0,0,0,-0,0,0.134025425,0.524973571,0.310021132,1,-3.19424325e-05,1.97072513e-05,-1.5427504e-05,0,0,0,0,0,0,0,0,0,0,0,0,0,0,0,0,2.36089932e-06,0.045814734,0.014360466,-3.49283732e-06,-0.0458156168,0.0143576385,0,0,0,0,0,0,0,0,0,0,0,0,0,0,0,0
1,-0.27778545,-0.277772367,0.555555105,-0.277783722,0.277772903,5.98695578e-06,-0.97647059,0.978504598,-0.978504598,-0.976761103,0.978504598,-0.978504598,0,0,0,-0,-0,0,0,-0,0,0,-0,0,0.134029508,0.524981618,0.310012519,1,-3.86178181e-05,1.37468069e-05,2.2155732e-06,0,0,0,0,0,0,0,0,0,0,0,0,0,0,0,0,3.14378713e-06,0.0458152406,0.0143588493,-3.93334676e-06,-0.0458151102,0.0143592553,0,0,0,0,0,0,0,0,0,0,0,0,0,0.0953101814,0,0
2,-0.277783096,-0.277770281,0.555567563,-0.277783722,0.277768701,1.77078982e-06,-0.97647059,0.978504598,-0.978504598,-0.976761103,0.978504598,-0.978504598,0,0,0,-0,-0,0,0,-0,0,0,-0,0,0.134028345,0.524976492,0.310022324,1,-2.00217473e-05,2.56679596e-05,-2.13876738e-05,0,0,0,0,0,0,0,0,0,0,0,0,0,0,0,0,1.09740199e-06,0.0458145626,0.0143610118,-2.57169677e-06,-0.0458157882,0.0143570928,0,0,0,0,0,0,0,0,0,0,0,0,0,0.182321563,0,0
3,-0.277776837,-0.277776688,0.555576384,-0.277777344,0.277762294,5.98695578e-06,-0.97647059,0.978504598,-0.978504598,-0.976761103,0.978504598,-0.978504598,0,0,0,-0,-0,0,0,-0,0,0,-0,0,0.134018689,0.524991751,0.31000936,1,-1.43006282e-05,4.37868985e-05,-3.36991325e-05,0,0,0,0,0,0,0,0,0,0,0,0,0,0,0,0,5.27457473e-08,0.0458142087,0.0143621406,-2.56772682e-06,-0.0458161421,0.014355964,0,0,0,0,0,0,0,0,0,0,0,0,0,0.262364268,0,0
4,-0.277779043,-0.277772367,0.555563569,-0.277781636,0.277772903,3.87887303e-06,-0.97647059,0.978504598,-0.978504598,-0.976761103,0.978504598,-0.978504598,0,0,0,-0,-0,0,0,-0,0,0,-0,0,0.134010479,0.524985909,0.310016096,1,-1.45377862e-05,1.37467014e-05,-1.5665988e-05,0,0,0,0,0,0,0,0,0,0,0,0,0,0,0,0,9.37296988e-07,0.0458147265,0.0143604875,-1.7268685e-06,-0.0458156243,0.0143576171,0,0,0,0,0,0,0,0,0,0,0,0,0,0.336472243,0,0
5,-0.27778545,-0.277776688,0.555563569,-0.277787954,0.277775019,1.77078982e-06,-0.97647059,0.978504598,-0.978504598,-0.976761103,0.978504598,-0.978504598,0,0,0,-0,-0,0,0,-0,0,0,-0,0,0.134026587,0.524975836,0.309999764,1,-2.66968073e-05,7.7861132e-06,1.43749849e-05,0,0,0,0,0,0,0,0,0,0,0,0,0,0,0,0,2.22265658e-06,0.045815587,0.0143577354,-2.66983943e-06,-0.0458147638,0.0143603692,0,0,0,0,0,0,0,0,0,0,0,0,0,0.405465096,0,0
6,-0.277783096,-0.277780861,0.555563569,-0.277787954,0.277766496,1.77078982e-06,-0.97647059,0.978504598,-0.978504598,-0.976761103,0.978504598,-0.978504598,0,0,0,-0,-0,0,0,-0,0,0,-0,0,0.134031385,0.524981141,0.309987336,1,-2.00203631e-05,3.1866366e-05,2.62086796e-05,0,0,0,0,0,0,0,0,0,0,0,0,0,0,0,0,9.19422803e-07,0.0458159298,0.0143566504,-2.74967601e-06,-0.045814421,0.0143614542,0,0,0,0,0,0,0,0,0,0,0,0,0,0.470003635,0,0
7,-0.277776837,-0.277770281,0.555576384,-0.277777344,0.277766496,5.98695578e-06,-0.97647059,0.978504598,-0.978504598,-0.976761103,0.978504598,-0.978504598,0,0,0,-0,-0,0,0,-0,0,0,-0,0,0.134012848,0.524986386,0.310028404,1,-1.43008037e-05,3.18656166e-05,-5.18187117e-05,0,0,0,0,0,0,0,0,0,0,0,0,0,0,0,0,3.95094986e-07,0.0458136871,0.0143638002,-2.22537778e-06,-0.0458166637,0.0143543044,0,0,0,0,0,0,0,0,0,0,0,0,0,0.530628264,0,0
8,-0.277783096,-0.277772367,0.555572331,-0.277785838,0.27776441,8.17936234e-06,-0.97647059,0.978504598,-0.978504598,-0.976761103,0.978504598,-0.978504598,0,0,0,-0,-0,0,0,-0,0,0,-0,0,0.134034306,0.524973333,0.310016185,1,-3.81416212e-05,3.78269615e-05,-1.61430289e-05,0,0,0,0,0,0,0,0,0,0,0,0,0,0,0,0,2.40853774e-06,0.0458147116,0.0143605312,-4.58121031e-06,-0.0458156392,0.0143575734,0,0,0,0,0,0,0,0,0,0,0,0,0,0.587786674,0,0
9,-0.277779043,-0.277772367,0.555572331,-0.277785838,0.277766496,5.98695578e-06,-0.97647059,0.978504598,-0.978504598,-0.976761103,0.978504598,-0.978504598,0,0,0,-0,-0,0,0,-0,0,0,-0,0,0.13401936,0.524976432,0.310016185,1,-2.04985499e-05,3.18664133e-05,-1.6143149e-05,0,0,0,0,0,0,0,0,0,0,0,0,0,0,0,0,9.63089633e-07,0.0458147116,0.0143605312,-2.79339474e-06,-0.0458156392,0.0143575734,0,0,0,0,0,0,0,0,0,0,0,0,0,0.641853869,0,0
10,-0.277783096,-0.277776688,0.555567563,-0.277790129,0.27776441,3.87887303e-06,-0.97647059,0.978504598,-0.978504598,-0.976761103,0.978504598,-0.978504598,0,0,0,-0,-0,0,0,-0,0,0,-0,0,0.134034306,0.524972916,0.309999675,1,-2.59811004e-05,3.78270342e-05,1.48518457e-05,0,0,0,0,0,0,0,0,0,0,0,0,0,0,0,0,1.29439923e-06,0.0458156019,0.0143576916,-3.46701859e-06,-0.0458147489,0.014360413,0,0,0,0,0,0,0,0,0,0,0,0,0,0.693147182,0,0
11,-0.277781069,-0.277770281,0.555572331,-0.27777952,0.277766496,3.87887303e-06,-0.97647059,0.978504598,-0.978504598,-0.976761103,0.978504598,-0.978504598,0,0,0,-0,-0,0,0,-0,0,0,-0,0,0.134025365,0.524981916,0.31002602,1,-2.02608917e-05,3.18665625e-05,-3.99846358e-05,0,0,0,0,0,0,0,0,0,0,0,0,0,0,0,0,9.41225267e-07,0.0458140261,0.0143627161,-2.77156641e-06,-0.0458163247,0.0143553885,0,0,0,0,0,0,0,0,0,0,0,0,0,0.741937339,0,0
12,-0.277774662,-0.277772367,0.555559516,-0.277785838,0.277772903,3.87887303e-06,-0.97647059,0.978504598,-0.978504598,-0.976761103,0.978504598,-0.978504598,0,0,0,-0,-0,0,0,-0,0,0,-0,0,0.13399747,0.524985075,0.310012579,1,-2.13977751e-06,1.3746856e-05,1.97681698e-06,0,0,0,0,0,0,0,0,0,0,0,0,0,0,0,0,-1.9871247e-07,0.0458152331,0.0143588716,-5.90854597e-07,-0.0458151177,0.0143592339,0,0,0,0,0,0,0,0,0,0,0,0,0,0.788457334,0,0
13,-0.277787477,-0.277776688,0.555559516,-0.277785838,0.277770817,8.17936234e-06,-0.97647059,0.978504598,-0.978504598,-0.976761103,0.978504598,-0.978504598,0,0,0,-0,-0,0,0,-0,0,0,-0,0,0.134038433,0.524978936,0.309999794,1,-5.0538496e-05,1.97072204e-05,1.41365208e-05,0,0,0,0,0,0,0,0,0,0,0,0,0,0,0,0,4.06495246e-06,0.0458155796,0.0143577568,-5.19681953e-06,-0.0458147675,0.0143603478,0,0,0,0,0,0,0,0,0,0,0,0,0,0.832909107,0,0
14,-0.277776837,-0.277774483,0.555563569,-0.277792156,0.277772903,5.98695578e-06,-0.97647059,0.978504598,-0.978504598,-0.976761103,0.978504598,-0.978504598,0,0,0,-0,-0,0,0,-0,0,0,-0,0,0.134003982,0.524974704,0.310003877,1,-1.42988756e-05,1.37472107e-05,2.00966315e-05,0,0,0,0,0,0,0,0,0,0,0,0,0,0,0,0,9.15450755e-07,0.045815751,0.0143572111,-1.70502187e-06,-0.0458145998,0.0143608935,0,0,0,0,0,0,0,0,0,0,0,0,0,0.875468731,0,0
15,-0.277781069,-0.277778685,0.555572331,-0.27777952,0.277768701,5.98695578e-06,-0.97647059,0.978504598,-0.978504598,-0.976761103,0.978504598,-0.978504598,0,0,0,-0,-0,0,0,-0,0,0,-0,0,0.13402234,0.52498889,0.310001105,1,-2.62204976e-05,2.5667623e-05,-1.62303422e-05,0,0,0,0,0,0,0,0,0,0,0,0,0,0,0,0,1.66541759e-06,0.0458147079,0.0143605396,-3.13969304e-06,-0.0458156429,0.014357565,0,0,0,0,0,0,0,0,0,0,0,0,0,0.91629076,0,0
16,-0.277783096,-0.277774483,0.555559516,-0.277785838,0.277768701,5.98695578e-06,-0.97647059,0.978504598,-0.978504598,-0.976761103,0.978504598,-0.978504598,0,0,0,-0,-0,0,0,-0,0,0,-0,0,0.134028345,0.524980426,0.31000632,1,-3.19419232e-05,2.56677613e-05,7.93750496e-06,0,0,0,0,0,0,0,0,0,0,0,0,0,0,0,0,2.18974606e-06,0.0458154045,0.0143583249,-3.66399058e-06,-0.0458149463,0.0143597797,0,0,0,0,0,0,0,0,0,0,0,0,0,0.955511451,0,0
17,-0.277776837,-0.277776688,0.555580378,-0.277781636,0.277768701,1.77078982e-06,-0.97647059,0.978504598,-0.978504598,-0.976761103,0.978504598,-0.978504598,0,0,0,-0,-0,0,0,-0,0,0,-0,0,0.134009823,0.524984121,0.310008109,1,-2.37892527e-06,2.56675376e-05,-2.73485912e-05,0,0,0,0,0,0,0,0,0,0,0,0,0,0,0,0,-5.19207447e-07,0.0458143912,0.0143615585,-9.5504231e-07,-0.0458159596,0.0143565461,0,0,0,0,0,0,0,0,0,0,0,0,0,0.993251801,0,0
18,-0.277779043,-0.277770281,0.555567563,-0.277777344,0.277770817,3.87887303e-06,-0.97647059,0.978504598,-0.978504598,-0.976761103,0.978504598,-0.978504598,0,0,0,-0,-0,0,0,-0,0,0,-0,0,0.134013399,0.524988413,0.31002593,1,-1.45383474e-05,1.97069894e-05,-3.94204653e-05,0,0,0,0,0,0,0,0,0,0,0,0,0,0,0,0,7.66118831e-07,0.0458140448,0.014362664,-1.89804655e-06,-0.045816306,0.0143554397,0,0,0,0,0,0,0,0,0,0,0,0,0,1.02961946,0,0
19,-0.277781069,-0.277776688,0.555567563,-0.277790129,0.277766496,5.98695578e-06,-0.97647059,0.978504598,-0.978504598,-0.976761103,0.978504598,-0.978504598,0,0,0,-0,-0,0,0,-0,0,0,-0,0,0.134025365,0.524974465,0.309999675,1,-2.62196081e-05,3.18667444e-05,1.48514491e-05,0,0,0,0,0,0,0,0,0,0,0,0,0,0,0,0,1.48741401e-06,0.0458156019,0.0143576916,-3.31769661e-06,-0.0458147489,0.014360413,0,0,0,0,0,0,0,0,0,0,0,0,0,1.06471074,0,0
20,-0.277781069,-0.277774483,0.555580378,-0.277777344,0.277768701,3.87887303e-06,-0.97647059,0.978504598,-0.978504598,-0.976761103,0.978504598,-0.978504598,0,0,0,-0,-0,0,0,-0,0,0,-0,0,0.13402234,0.524985015,0.31001702,1,-2.0260788e-05,2.56676703e-05,-4.56192465e-05,0,0,0,0,0,0,0,0,0,0,0,0,0,0,0,0,1.11924237e-06,0.045813866,0.0143632321,-2.5935492e-06,-0.0458164848,0.0143548725,0,0,0,0,0,0,0,0,0,0,0,0,0,1.09861231,0,0
21,-0.277779043,-0.277780861,0.555550694,-0.277787954,0.277770817,8.17936234e-06,-0.97647059,0.978504598,-0.978504598,-0.976761103,0.978504598,-0.978504598,0,0,0,-0,-0,0,0,-0,0,0,-0,0,0.134013399,0.524989545,0.309983701,1,-2.66960451e-05,1.97081481e-05,4.43277895e-05,0,0,0,0,0,0,0,0,0,0,0,0,0,0,0,0,1.88030128e-06,0.0458164476,0.0143549908,-3.01219461e-06,-0.0458139032,0.0143631138,0,0,0,0,0,0,0,0,0,0,0,0,0,1.13140213,0,0
22,-0.277774662,-0.277782977,0.555546701,-0.277785838,0.277770817,-3.90697124e-07,-0.97647059,0.978504598,-0.978504598,-0.976761103,0.978504598,-0.978504598,0,0,0,-0,-0,0,0,-0,0,0,-0,0,0.134000391,0.524999201,0.309977502,1,9.93310641e-06,1.97076679e-05,5.00500682e-05,0,0,0,0,0,0,0,0,0,0,0,0,0,0,0,0,-1.47606477e-06,0.0458166115,0.0143544665,3.44102489e-07,-0.0458137393,0.0143636381,0,0,0,0,0,0,0,0,0,0,0,0,0,1.16315079,0,0
23,-0.277779043,-0.277774483,0.555572331,-0.277787954,0.277768701,5.98695578e-06,-0.97647059,0.978504598,-0.978504598,-0.976761103,0.978504598,-0.978504598,0,0,0,-0,-0,0,0,-0,0,0,-0,0,0.13401632,0.52497524,0.310008734,1,-2.04981443e-05,2.56676904e-05,-4.22213679e-06,0,0,0,0,0,0,0,0,0,0,0,0,0,0,0,0,1.14111231e-06,0.0458150543,0.0143594388,-2.61537207e-06,-0.0458152965,0.0143586658,0,0,0,0,0,0,0,0,0,0,0,0,0,1.19392252,0,0
24,-0.277779043,-0.277774483,0.555555105,-0.277787954,0.277772903,5.98695578e-06,-0.97647059,0.978504598,-0.978504598,-0.976761103,0.978504598,-0.978504598,0,0,0,-0,-0,0,0,-0,0,0,-0,0,0.134010479,0.524982393,0.310003877,1,-2.04977587e-05,1.37470861e-05,2.0096717e-05,0,0,0,0,0,0,0,0,0,0,0,0,0,0,0,0,1.48346373e-06,0.045815751,0.0143572111,-2.27302053e-06,-0.0458145998,0.0143608935,0,0,0,0,0,0,0,0,0,0,0,0,0,1.22377539,0,0
25,-0.27778545,-0.277774483,0.555572331,-0.277792156,0.277768701,8.17936234e-06,-0.97647059,0.978504598,-0.978504598,-0.976761103,0.978504598,-0.978504598,0,0,0,-0,-0,0,0,-0,0,0,-0,0,0.134035349,0.524964571,0.31000635,1,-4.48165338e-05,2.56677577e-05,7.69909821e-06,0,0,0,0,0,0,0,0,0,0,0,0,0,0,0,0,3.36945322e-06,0.0458153971,0.0143583473,-4.8436923e-06,-0.0458149537,0.0143597573,0,0,0,0,0,0,0,0,0,0,0,0,0,1.25276291,0,0
26,-0.277779043,-0.277776688,0.555555105,-0.27777952,0.277770817,1.77078982e-06,-0.97647059,0.978504598,-0.978504598,-0.976761103,0.978504598,-0.978504598,0,0,0,-0,-0,0,0,-0,0,0,-0,0,0.134013399,0.524995923,0.310002148,1,-8.577058e-06,1.97072859e-05,2.45389811e-06,0,0,0,0,0,0,0,0,0,0,0,0,0,0,0,0,2.19968001e-07,0.0458152443,0.0143588278,-1.3518785e-06,-0.0458151065,0.0143592767,0,0,0,0,0,0,0,0,0,0,0,0,0,1.28093386,0,0
27,-0.277781069,-0.277770281,0.555559516,-0.277781636,0.277770817,1.77078982e-06,-0.97647059,0.978504598,-0.978504598,-0.976761103,0.978504598,-0.978504598,0,0,0,-0,-0,0,0,-0,0,0,-0,0,0.13401942,0.5249843,0.310021222,1,-1.42994659e-05,1.97073496e-05,-1.59042193e-05,0,0,0,0,0,0,0,0,0,0,0,0,0,0,0,0,7.44272086e-07,0.0458147191,0.0143605098,-1.8762006e-06,-0.0458156317,0.0143575948,0,0,0,0,0,0,0,0,0,0,0,0,0,1.3083328,0,0
28,-0.277783096,-0.277772367,0.555567563,-0.277787954,0.277775019,-3.90697124e-07,-0.97647059,0.978504598,-0.978504598,-0.976761103,0.978504598,-0.978504598,0,0,0,-0,-0,0,0,-0,0,0,-0,0,0.134019583,0.524972379,0.310013682,1,-1.39097656e-05,7.7864097e-06,-3.50641267e-06,0,0,0,0,0,0,0,0,0,0,0,0,0,0,0,0,1.05094182e-06,0.045815073,0.0143593736,-1.49816651e-06,-0.0458152778,0.014358731,0,0,0,0,0,0,0,0,0,0,0,0,0,1.33500111,0,0
29,-0.27778545,-0.277770281,0.555567563,-0.277777344,0.277770817,1.02031217e-05,-0.97647059,0.978504598,-0.978504598,-0.976761103,0.978504598,-0.978504598,0,0,0,-0,-0,0,0,-0,0,0,-0,0,0.134032428,0.524983525,0.31002593,1,-5.05395546e-05,1.97070003e-05,-3.94204617e-05,0,0,0,0,0,0,0,0,0,0,0,0,0,0,0,0,4.06488107e-06,0.0458140448,0.0143626649,-5.19689047e-06,-0.045816306,0.0143554397,0,0,0,0,0,0,0,0,0,0,0,0,0,1.36097658,0,0
