progress,valid,predicted,measurement_timestamp,measurement_age_s,confidence,raw_base_x,raw_base_y,raw_base_z,tracked_base_x,tracked_base_y,tracked_base_z,velocity_base_x,velocity_base_y,velocity_base_z
0,0,1,170923.838,3.93263985,nan,nan,nan,nan,nan,nan,nan,nan,nan,nan
1,0,1,170923.838,3.94999206,nan,nan,nan,nan,nan,nan,nan,nan,nan,nan
2,0,1,170923.838,3.96676179,nan,nan,nan,nan,nan,nan,nan,nan,nan,nan
3,0,1,170923.838,3.98382989,nan,nan,nan,nan,nan,nan,nan,nan,nan,nan
4,0,1,170923.838,4.00026816,nan,nan,nan,nan,nan,nan,nan,nan,nan,nan
5,0,1,170923.838,4.0197329,nan,nan,nan,nan,nan,nan,nan,nan,nan,nan
6,0,1,170923.838,4.03573109,nan,nan,nan,nan,nan,nan,nan,nan,nan,nan
7,0,1,170923.838,4.0517442,nan,nan,nan,nan,nan,nan,nan,nan,nan,nan
8,0,1,170923.838,4.06772065,nan,nan,nan,nan,nan,nan,nan,nan,nan,nan
9,0,1,170923.838,4.08421832,nan,nan,nan,nan,nan,nan,nan,nan,nan,nan
10,0,1,170923.838,4.10166466,nan,nan,nan,nan,nan,nan,nan,nan,nan,nan
11,1,0,170927.938,0.01927692,0.957152963,-0.0950166341,-0.715839429,0.0742128758,-0.0950166341,-0.715839429,0.0742128758,0,0,0
12,1,1,170927.938,0.035192728,0.957152963,-0.0950166341,-0.715839429,0.0742128758,-0.0950166341,-0.715839429,0.0742128758,0,0,0
13,1,1,170927.938,0.051167685,0.957152963,-0.0950166341,-0.715839429,0.0742128758,-0.0950166341,-0.715839429,0.0742128758,0,0,0
14,1,1,170927.938,0.06777365,0.957152963,-0.0950166341,-0.715839429,0.0742128758,-0.0950166341,-0.715839429,0.0742128758,0,0,0
15,1,1,170927.938,0.085197608,0.957152963,-0.0950166341,-0.715839429,0.0742128758,-0.0950166341,-0.715839429,0.0742128758,0,0,0
16,1,1,170927.938,0.101266306,0.957152963,-0.0950166341,-0.715839429,0.0742128758,-0.0950166341,-0.715839429,0.0742128758,0,0,0
17,1,1,170927.938,0.118178063,0.957152963,-0.0950166341,-0.715839429,0.0742128758,-0.0950166341,-0.715839429,0.0742128758,0,0,0
18,1,1,170927.938,0.135195414,0.957152963,-0.0950166341,-0.715839429,0.0742128758,-0.0950166341,-0.715839429,0.0742128758,0,0,0
19,1,1,170927.938,0.151676209,0.957152963,-0.0950166341,-0.715839429,0.0742128758,-0.0950166341,-0.715839429,0.0742128758,0,0,0
20,1,1,170927.938,0.169205951,0.957152963,-0.0950166341,-0.715839429,0.0742128758,-0.0950166341,-0.715839429,0.0742128758,0,0,0
21,1,1,170927.938,0.185226542,0.957152963,-0.0950166341,-0.715839429,0.0742128758,-0.0950166341,-0.715839429,0.0742128758,0,0,0
22,1,1,170927.938,0.201999774,0.957152963,-0.0950166341,-0.715839429,0.0742128758,-0.0950166341,-0.715839429,0.0742128758,0,0,0
23,1,1,170927.938,0.219215108,0.957152963,-0.0950166341,-0.715839429,0.0742128758,-0.0950166341,-0.715839429,0.0742128758,0,0,0
24,1,0,170928.156,0.01766492,0.955635667,-0.0950021439,-0.716210644,0.0732515673,-0.0950076584,-0.716069372,0.0736174076,1.5942143e-05,-0.00040841229,-0.00105763643
25,1,1,170928.156,0.035055316,0.955635667,-0.0950021439,-0.716210644,0.0732515673,-0.0950073811,-0.716076475,0.0735990149,1.5942143e-05,-0.00040841229,-0.00105763643
26,1,1,170928.156,0.051021817,0.955635667,-0.0950021439,-0.716210644,0.0732515673,-0.0950071266,-0.716082996,0.0735821282,1.5942143e-05,-0.00040841229,-0.00105763643
27,1,1,170928.156,0.067698242,0.955635667,-0.0950021439,-0.716210644,0.0732515673,-0.0950068607,-0.716089807,0.0735644906,1.5942143e-05,-0.00040841229,-0.00105763643
28,1,1,170928.156,0.08504106,0.955635667,-0.0950021439,-0.716210644,0.0732515673,-0.0950065843,-0.71609689,0.0735461482,1.5942143e-05,-0.00040841229,-0.00105763643
29,1,1,170928.156,0.101344861,0.955635667,-0.0950021439,-0.716210644,0.0732515673,-0.0950063458,-0.716102999,0.0735303271,1.5942143e-05,-0.00040841229,-0.00105763643
30,1,1,170928.156,0.118113705,0.955635667,-0.0950021439,-0.716210644,0.0732515673,-0.0950063458,-0.716102999,0.0735303271,1.5942143e-05,-0.00040841229,-0.00105763643
31,1,1,170928.156,0.135118733,0.955635667,-0.0950021439,-0.716210644,0.0732515673,-0.0950063458,-0.716102999,0.0735303271,1.5942143e-05,-0.00040841229,-0.00105763643
32,1,1,170928.156,0.151647998,0.955635667,-0.0950021439,-0.716210644,0.0732515673,-0.0950063458,-0.716102999,0.0735303271,1.5942143e-05,-0.00040841229,-0.00105763643
33,1,1,170928.156,0.168157426,0.955635667,-0.0950021439,-0.716210644,0.0732515673,-0.0950063458,-0.716102999,0.0735303271,1.5942143e-05,-0.00040841229,-0.00105763643
34,1,1,170928.156,0.185206875,0.955635667,-0.0950021439,-0.716210644,0.0732515673,-0.0950063458,-0.716102999,0.0735303271,1.5942143e-05,-0.00040841229,-0.00105763643
35,1,1,170928.156,0.201742371,0.955635667,-0.0950021439,-0.716210644,0.0732515673,-0.0950063458,-0.716102999,0.0735303271,1.5942143e-05,-0.00040841229,-0.00105763643
36,1,1,170928.156,0.219037542,0.955635667,-0.0950021439,-0.716210644,0.0732515673,-0.0950063458,-0.716102999,0.0735303271,1.5942143e-05,-0.00040841229,-0.00105763643
37,1,0,170928.375,0.012836272,0.954942346,-0.0950440355,-0.715849266,0.0742125899,-0.0950299837,-0.715934565,0.0739819765,-3.00999639e-05,-1.11006002e-05,-1.06799696e-06
38,1,1,170928.375,0.029551278,0.954942346,-0.0950440355,-0.715849266,0.0742125899,-0.0950304868,-0.715934751,0.0739819587,-3.00999639e-05,-1.11006002e-05,-1.06799696e-06
39,1,1,170928.375,0.046655428,0.954942346,-0.0950440355,-0.715849266,0.0742125899,-0.0950310016,-0.715934941,0.0739819404,-3.00999639e-05,-1.11006002e-05,-1.06799696e-06
40,1,1,170928.375,0.062822968,0.954942346,-0.0950440355,-0.715849266,0.0742125899,-0.0950314883,-0.71593512,0.0739819231,-3.00999639e-05,-1.11006002e-05,-1.06799696e-06
41,1,1,170928.375,0.079550928,0.954942346,-0.0950440355,-0.715849266,0.0742125899,-0.0950319918,-0.715935306,0.0739819053,-3.00999639e-05,-1.11006002e-05,-1.06799696e-06
42,1,1,170928.375,0.096570863,0.954942346,-0.0950440355,-0.715849266,0.0742125899,-0.0950325041,-0.715935495,0.0739818871,-3.00999639e-05,-1.11006002e-05,-1.06799696e-06
43,1,1,170928.375,0.112808091,0.954942346,-0.0950440355,-0.715849266,0.0742125899,-0.0950326073,-0.715935533,0.0739818834,-3.00999639e-05,-1.11006002e-05,-1.06799696e-06
44,1,1,170928.375,0.129594909,0.954942346,-0.0950440355,-0.715849266,0.0742125899,-0.0950326073,-0.715935533,0.0739818834,-3.00999639e-05,-1.11006002e-05,-1.06799696e-06
45,1,1,170928.375,0.146577415,0.954942346,-0.0950440355,-0.715849266,0.0742125899,-0.0950326073,-0.715935533,0.0739818834,-3.00999639e-05,-1.11006002e-05,-1.06799696e-06
46,1,1,170928.375,0.162804866,0.954942346,-0.0950440355,-0.715849266,0.0742125899,-0.0950326073,-0.715935533,0.0739818834,-3.00999639e-05,-1.11006002e-05,-1.06799696e-06
47,1,1,170928.375,0.179541631,0.954942346,-0.0950440355,-0.715849266,0.0742125899,-0.0950326073,-0.715935533,0.0739818834,-3.00999639e-05,-1.11006002e-05,-1.06799696e-06
48,1,1,170928.375,0.196591512,0.954942346,-0.0950440355,-0.715849266,0.0742125899,-0.0950326073,-0.715935533,0.0739818834,-3.00999639e-05,-1.11006002e-05,-1.06799696e-06
49,1,1,170928.375,0.212908697,0.954942346,-0.0950440355,-0.715849266,0.0742125899,-0.0950326073,-0.715935533,0.0739818834,-3.00999639e-05,-1.11006002e-05,-1.06799696e-06
50,1,0,170928.593,0.011286086,0.956530809,-0.0950356762,-0.715878967,0.0742372156,-0.0950335239,-0.715900536,0.0741382859,-2.47449638e-05,5.43248592e-05,0.000280032177
51,1,1,170928.593,0.02832678,0.956530809,-0.0950356762,-0.715878967,0.0742372156,-0.0950339456,-0.71589961,0.0741430579,-2.47449638e-05,5.43248592e-05,0.000280032177
52,1,1,170928.593,0.044626192,0.956530809,-0.0950356762,-0.715878967,0.0742372156,-0.0950343489,-0.715898725,0.0741476222,-2.47449638e-05,5.43248592e-05,0.000280032177
53,1,1,170928.593,0.061330398,0.956530809,-0.0950356762,-0.715878967,0.0742372156,-0.0950347622,-0.715897817,0.0741523,-2.47449638e-05,5.43248592e-05,0.000280032177
54,1,1,170928.593,0.078327842,0.956530809,-0.0950356762,-0.715878967,0.0742372156,-0.0950351828,-0.715896894,0.0741570598,-2.47449638e-05,5.43248592e-05,0.000280032177
55,1,1,170928.593,0.094674311,0.956530809,-0.0950356762,-0.715878967,0.0742372156,-0.0950355873,-0.715896006,0.0741616373,-2.47449638e-05,5.43248592e-05,0.000280032177
56,1,1,170928.593,0.111275447,0.956530809,-0.0950356762,-0.715878967,0.0742372156,-0.0950357191,-0.715895717,0.0741631287,-2.47449638e-05,5.43248592e-05,0.000280032177
57,1,1,170928.593,0.128307295,0.956530809,-0.0950356762,-0.715878967,0.0742372156,-0.0950357191,-0.715895717,0.0741631287,-2.47449638e-05,5.43248592e-05,0.000280032177
58,1,1,170928.593,0.144592461,0.956530809,-0.0950356762,-0.715878967,0.0742372156,-0.0950357191,-0.715895717,0.0741631287,-2.47449638e-05,5.43248592e-05,0.000280032177
59,1,1,170928.593,0.161346037,0.956530809,-0.0950356762,-0.715878967,0.0742372156,-0.0950357191,-0.715895717,0.0741631287,-2.47449638e-05,5.43248592e-05,0.000280032177
60,1,1,170928.593,0.178333794,0.956530809,-0.0950356762,-0.715878967,0.0742372156,-0.0950357191,-0.715895717,0.0741631287,-2.47449638e-05,5.43248592e-05,0.000280032177
61,1,1,170928.593,0.19463478,0.956530809,-0.0950356762,-0.715878967,0.0742372156,-0.0950357191,-0.715895717,0.0741631287,-2.47449638e-05,5.43248592e-05,0.000280032177
62,1,1,170928.593,0.21135175,0.956530809,-0.0950356762,-0.715878967,0.0742372156,-0.0950357191,-0.715895717,0.0741631287,-2.47449638e-05,5.43248592e-05,0.000280032177
63,1,0,170928.811,0.010004162,0.957073092,-0.0950321462,-0.715462369,0.0741869629,-0.095032722,-0.715632729,0.074168479,-1.36393576e-05,0.000515012807,0.000225012139
64,1,1,170928.811,0.026337568,0.957073092,-0.0950321462,-0.715462369,0.0741869629,-0.0950329448,-0.715624317,0.0741721542,-1.36393576e-05,0.000515012807,0.000225012139
65,1,1,170928.811,0.043060639,0.957073092,-0.0950321462,-0.715462369,0.0741869629,-0.0950331729,-0.715615704,0.0741759171,-1.36393576e-05,0.000515012807,0.000225012139
66,1,1,170928.811,0.060030013,0.957073092,-0.0950321462,-0.715462369,0.0741869629,-0.0950334044,-0.715606965,0.0741797354,-1.36393576e-05,0.000515012807,0.000225012139
67,1,1,170928.811,0.076396689,0.957073092,-0.0950321462,-0.715462369,0.0741869629,-0.0950336276,-0.715598536,0.0741834181,-1.36393576e-05,0.000515012807,0.000225012139
68,1,1,170928.811,0.09303806,0.957073092,-0.0950321462,-0.715462369,0.0741869629,-0.0950338546,-0.715589965,0.0741871626,-1.36393576e-05,0.000515012807,0.000225012139
69,1,1,170928.811,0.11001062,0.957073092,-0.0950321462,-0.715462369,0.0741869629,-0.0950339495,-0.71558638,0.0741887292,-1.36393576e-05,0.000515012807,0.000225012139
70,1,1,170928.811,0.126387685,0.957073092,-0.0950321462,-0.715462369,0.0741869629,-0.0950339495,-0.71558638,0.0741887292,-1.36393576e-05,0.000515012807,0.000225012139
71,1,1,170928.811,0.144036126,0.957073092,-0.0950321462,-0.715462369,0.0741869629,-0.0950339495,-0.71558638,0.0741887292,-1.36393576e-05,0.000515012807,0.000225012139
72,1,1,170928.811,0.160006294,0.957073092,-0.0950321462,-0.715462369,0.0741869629,-0.0950339495,-0.71558638,0.0741887292,-1.36393576e-05,0.000515012807,0.000225012139
73,1,1,170928.811,0.176363804,0.957073092,-0.0950321462,-0.715462369,0.0741869629,-0.0950339495,-0.71558638,0.0741887292,-1.36393576e-05,0.000515012807,0.000225012139
74,1,1,170928.811,0.193074062,0.957073092,-0.0950321462,-0.715462369,0.0741869629,-0.0950339495,-0.71558638,0.0741887292,-1.36393576e-05,0.000515012807,0.000225012139
