sha256,source_group,best_directory,checkpoint,checkpoint_objective,task_kind,evaluation_task,alias_count,completed_games,max_successes,max_reported_mean_consecutive_successes,average_reward,average_steps,status,returncode,log,aliases
d7dbf324aef7582733acf4bbb6db3890c608035ca531c65a321e7978f63a7c33,1016_LSTM_throw_v1_pbt_2p,best0,/home/liang/Workspace/Isaacgym_cjlu/IsaacGymEnvs/train_dir/1016_LSTM_throw_v1_pbt_2p/1016_LSTM_throw_v1_pbt_2p_/runs/workspace_allegro_kuka/best0/AllegroKuka_best_obj_000000001.22400_iter_0017_policy000_frame340000768.pth,1.224,throw,AllegroRokaeLSTM_throw,1,16,0.0,0.0,82.88821411132812,599.0,passed,0,/home/liang/Workspace/Ur5e_deploy/resources/trajectories/rokae_best_isaacgym/d7dbf324aef7/isaacgym_seed0.log,/home/liang/Workspace/Isaacgym_cjlu/IsaacGymEnvs/train_dir/1016_LSTM_throw_v1_pbt_2p/1016_LSTM_throw_v1_pbt_2p_/runs/workspace_allegro_kuka/best0/AllegroKuka_best_obj_000000001.22400_iter_0017_policy000_frame340000768.pth
89d4a63791b681c52ff0c47f42a9a6f776d8ad4a22966a7c2787ba607d7ba9ba,1016_LSTM_throw_v1_pbt_2p,best0,/home/liang/Workspace/Isaacgym_cjlu/IsaacGymEnvs/train_dir/1016_LSTM_throw_v1_pbt_2p/1016_LSTM_throw_v1_pbt_2p_/runs/workspace_allegro_kuka/best0/AllegroKuka_best_obj_000000001.23718_iter_0019_policy000_frame380108800.pth,1.23718,throw,AllegroRokaeLSTM_throw,1,16,0.0,0.0,110.85462951660156,599.0,passed,0,/home/liang/Workspace/Ur5e_deploy/resources/trajectories/rokae_best_isaacgym/89d4a63791b6/isaacgym_seed0.log,/home/liang/Workspace/Isaacgym_cjlu/IsaacGymEnvs/train_dir/1016_LSTM_throw_v1_pbt_2p/1016_LSTM_throw_v1_pbt_2p_/runs/workspace_allegro_kuka/best0/AllegroKuka_best_obj_000000001.23718_iter_0019_policy000_frame380108800.pth
640784f6d82c3d544d6971d050bde0db869a9c7c5ce4628b3b8c83ba78365242,1016_LSTM_throw_v1_pbt_2p,best0,/home/liang/Workspace/Isaacgym_cjlu/IsaacGymEnvs/train_dir/1016_LSTM_throw_v1_pbt_2p/1016_LSTM_throw_v1_pbt_2p_/runs/workspace_allegro_kuka/best0/AllegroKuka_best_obj_000000001.31323_iter_0020_policy000_frame400031744.pth,1.31323,throw,AllegroRokaeLSTM_throw,1,16,0.0,0.0,81.00135040283203,599.0,passed,0,/home/liang/Workspace/Ur5e_deploy/resources/trajectories/rokae_best_isaacgym/640784f6d82c/isaacgym_seed0.log,/home/liang/Workspace/Isaacgym_cjlu/IsaacGymEnvs/train_dir/1016_LSTM_throw_v1_pbt_2p/1016_LSTM_throw_v1_pbt_2p_/runs/workspace_allegro_kuka/best0/AllegroKuka_best_obj_000000001.31323_iter_0020_policy000_frame400031744.pth
022555c0e106852c6284f9cb9322e515f50688763fd863a92922a31e0071d81b,1104_LSTM_regrasp_v1_pbt_6p,best0,/home/liang/Workspace/Isaacgym_cjlu/IsaacGymEnvs/train_dir/1104_LSTM_regrasp_v1_pbt_6p/1104_LSTM_regrasp_v1_pbt_6p_/runs/workspace_allegro_kuka/best0/AllegroKuka_best_obj_000000000.90678_iter_0151_policy003_frame3020029952.pth,0.90678,regrasp,AllegroRokaeLSTM_throw_transfer,1,16,0.0,0.0,115.27107238769531,599.0,passed,0,/home/liang/Workspace/Ur5e_deploy/resources/trajectories/rokae_best_isaacgym/022555c0e106/isaacgym_seed0.log,/home/liang/Workspace/Isaacgym_cjlu/IsaacGymEnvs/train_dir/1104_LSTM_regrasp_v1_pbt_6p/1104_LSTM_regrasp_v1_pbt_6p_/runs/workspace_allegro_kuka/best0/AllegroKuka_best_obj_000000000.90678_iter_0151_policy003_frame3020029952.pth
1ee78a7dfaf313454fa4e353aeeac0f96b5abde0388f0540cc92bd07b455296d,1104_LSTM_regrasp_v1_pbt_6p,best0,/home/liang/Workspace/Isaacgym_cjlu/IsaacGymEnvs/train_dir/1104_LSTM_regrasp_v1_pbt_6p/1104_LSTM_regrasp_v1_pbt_6p_/runs/workspace_allegro_kuka/best0/AllegroKuka_best_obj_000000000.94888_iter_0152_policy003_frame3040083968.pth,0.94888,regrasp,AllegroRokaeLSTM_throw_transfer,1,16,0.0,0.0,93.02587890625,599.0,passed,0,/home/liang/Workspace/Ur5e_deploy/resources/trajectories/rokae_best_isaacgym/1ee78a7dfaf3/isaacgym_seed0.log,/home/liang/Workspace/Isaacgym_cjlu/IsaacGymEnvs/train_dir/1104_LSTM_regrasp_v1_pbt_6p/1104_LSTM_regrasp_v1_pbt_6p_/runs/workspace_allegro_kuka/best0/AllegroKuka_best_obj_000000000.94888_iter_0152_policy003_frame3040083968.pth
5d4f264a77126109ac92f01c002a3eca9eb74516b11edcd5d0e32e3857f2f47c,1104_LSTM_regrasp_v1_pbt_6p,best0,/home/liang/Workspace/Isaacgym_cjlu/IsaacGymEnvs/train_dir/1104_LSTM_regrasp_v1_pbt_6p/1104_LSTM_regrasp_v1_pbt_6p_/runs/workspace_allegro_kuka/best0/AllegroKuka_best_obj_000000000.96762_iter_0153_policy003_frame3060006912.pth,0.96762,regrasp,AllegroRokaeLSTM_throw_transfer,1,16,0.0,0.0,70.84610748291016,599.0,passed,0,/home/liang/Workspace/Ur5e_deploy/resources/trajectories/rokae_best_isaacgym/5d4f264a7712/isaacgym_seed0.log,/home/liang/Workspace/Isaacgym_cjlu/IsaacGymEnvs/train_dir/1104_LSTM_regrasp_v1_pbt_6p/1104_LSTM_regrasp_v1_pbt_6p_/runs/workspace_allegro_kuka/best0/AllegroKuka_best_obj_000000000.96762_iter_0153_policy003_frame3060006912.pth
8c02fe69ba0b17c051658d56421007a3654df2518d1b770ac6a43292bec61890,1104_LSTM_regrasp_v1_pbt_6p,best1,/home/liang/Workspace/Isaacgym_cjlu/IsaacGymEnvs/train_dir/1104_LSTM_regrasp_v1_pbt_6p/1104_LSTM_regrasp_v1_pbt_6p_/runs/workspace_allegro_kuka/best1/AllegroKuka_best_obj_000000000.00000_iter_0001_policy001_frame20054016.pth,0.0,regrasp,AllegroRokaeLSTM_throw_transfer,1,16,0.0,0.0,16.262035369873047,599.0,passed,0,/home/liang/Workspace/Ur5e_deploy/resources/trajectories/rokae_best_isaacgym/8c02fe69ba0b/isaacgym_seed0.log,/home/liang/Workspace/Isaacgym_cjlu/IsaacGymEnvs/train_dir/1104_LSTM_regrasp_v1_pbt_6p/1104_LSTM_regrasp_v1_pbt_6p_/runs/workspace_allegro_kuka/best1/AllegroKuka_best_obj_000000000.00000_iter_0001_policy001_frame20054016.pth
07ccad212ed469a17744940e1c737d20d64f9c9339f86f78e7aa594247c20090,1104_LSTM_regrasp_v1_pbt_6p,best2,/home/liang/Workspace/Isaacgym_cjlu/IsaacGymEnvs/train_dir/1104_LSTM_regrasp_v1_pbt_6p/1104_LSTM_regrasp_v1_pbt_6p_/runs/workspace_allegro_kuka/best2/AllegroKuka_best_obj_000000000.00757_iter_0073_policy000_frame1460011008.pth,0.00757,regrasp,AllegroRokaeLSTM_throw_transfer,1,16,0.0,0.0,28.09446144104004,599.0,passed,0,/home/liang/Workspace/Ur5e_deploy/resources/trajectories/rokae_best_isaacgym/07ccad212ed4/isaacgym_seed0.log,/home/liang/Workspace/Isaacgym_cjlu/IsaacGymEnvs/train_dir/1104_LSTM_regrasp_v1_pbt_6p/1104_LSTM_regrasp_v1_pbt_6p_/runs/workspace_allegro_kuka/best2/AllegroKuka_best_obj_000000000.00757_iter_0073_policy000_frame1460011008.pth
2f30dc96291af9b777903e9a33174ed7cf5d185bcbfd28cea7ff9d6801f2d4e1,1104_LSTM_regrasp_v1_pbt_6p,best2,/home/liang/Workspace/Isaacgym_cjlu/IsaacGymEnvs/train_dir/1104_LSTM_regrasp_v1_pbt_6p/1104_LSTM_regrasp_v1_pbt_6p_/runs/workspace_allegro_kuka/best2/AllegroKuka_best_obj_000000000.00796_iter_0077_policy002_frame1540096000.pth,0.00796,regrasp,AllegroRokaeLSTM_throw_transfer,1,16,0.0,0.0,34.97480392456055,599.0,passed,0,/home/liang/Workspace/Ur5e_deploy/resources/trajectories/rokae_best_isaacgym/2f30dc96291a/isaacgym_seed0.log,/home/liang/Workspace/Isaacgym_cjlu/IsaacGymEnvs/train_dir/1104_LSTM_regrasp_v1_pbt_6p/1104_LSTM_regrasp_v1_pbt_6p_/runs/workspace_allegro_kuka/best2/AllegroKuka_best_obj_000000000.00796_iter_0077_policy002_frame1540096000.pth
9b50c4a435c6166576960c763a457cfae145fef5fe0dbd68ecb87aac9654c70b,1104_LSTM_regrasp_v1_pbt_6p,best2,/home/liang/Workspace/Isaacgym_cjlu/IsaacGymEnvs/train_dir/1104_LSTM_regrasp_v1_pbt_6p/1104_LSTM_regrasp_v1_pbt_6p_/runs/workspace_allegro_kuka/best2/AllegroKuka_best_obj_000000000.01063_iter_0080_policy002_frame1600126976.pth,0.01063,regrasp,AllegroRokaeLSTM_throw_transfer,1,16,0.0,0.0,33.573734283447266,599.0,passed,0,/home/liang/Workspace/Ur5e_deploy/resources/trajectories/rokae_best_isaacgym/9b50c4a435c6/isaacgym_seed0.log,/home/liang/Workspace/Isaacgym_cjlu/IsaacGymEnvs/train_dir/1104_LSTM_regrasp_v1_pbt_6p/1104_LSTM_regrasp_v1_pbt_6p_/runs/workspace_allegro_kuka/best2/AllegroKuka_best_obj_000000000.01063_iter_0080_policy002_frame1600126976.pth
7570b61466938a5d050ecf4ba798492bd125a440829f7d8910928d0d4b497222,1104_LSTM_regrasp_v1_pbt_6p,best3,/home/liang/Workspace/Isaacgym_cjlu/IsaacGymEnvs/train_dir/1104_LSTM_regrasp_v1_pbt_6p/1104_LSTM_regrasp_v1_pbt_6p_/runs/workspace_allegro_kuka/best3/AllegroKuka_best_obj_000000001.11812_iter_0051_policy003_frame1020002304.pth,1.11812,regrasp,AllegroRokaeLSTM_throw_transfer,1,16,0.0,0.0,40.0864372253418,599.0,passed,0,/home/liang/Workspace/Ur5e_deploy/resources/trajectories/rokae_best_isaacgym/7570b6146693/isaacgym_seed0.log,/home/liang/Workspace/Isaacgym_cjlu/IsaacGymEnvs/train_dir/1104_LSTM_regrasp_v1_pbt_6p/1104_LSTM_regrasp_v1_pbt_6p_/runs/workspace_allegro_kuka/best3/AllegroKuka_best_obj_000000001.11812_iter_0051_policy003_frame1020002304.pth
59fca0a1a422bd5a94c0716a2ee63c63ec3e0614d66ca2343003478755ad13a0,1104_LSTM_regrasp_v1_pbt_6p,best3,/home/liang/Workspace/Isaacgym_cjlu/IsaacGymEnvs/train_dir/1104_LSTM_regrasp_v1_pbt_6p/1104_LSTM_regrasp_v1_pbt_6p_/runs/workspace_allegro_kuka/best3/AllegroKuka_best_obj_000000008.20000_iter_0052_policy003_frame1040056320.pth,8.2,regrasp,AllegroRokaeLSTM_throw_transfer,1,16,0.0,0.0,86.85435485839844,599.0,passed,0,/home/liang/Workspace/Ur5e_deploy/resources/trajectories/rokae_best_isaacgym/59fca0a1a422/isaacgym_seed0.log,/home/liang/Workspace/Isaacgym_cjlu/IsaacGymEnvs/train_dir/1104_LSTM_regrasp_v1_pbt_6p/1104_LSTM_regrasp_v1_pbt_6p_/runs/workspace_allegro_kuka/best3/AllegroKuka_best_obj_000000008.20000_iter_0052_policy003_frame1040056320.pth
c768f9fc92c2c71c4f3100eb2dfe5f1e13ea8b4f46b336e1061a37ee3f644007,1104_LSTM_regrasp_v1_pbt_6p,best3,/home/liang/Workspace/Isaacgym_cjlu/IsaacGymEnvs/train_dir/1104_LSTM_regrasp_v1_pbt_6p/1104_LSTM_regrasp_v1_pbt_6p_/runs/workspace_allegro_kuka/best3/AllegroKuka_best_obj_000000012.27077_iter_0053_policy003_frame1060110336.pth,12.27077,regrasp,AllegroRokaeLSTM_throw_transfer,1,16,0.0,0.0,40.06553268432617,599.0,passed,0,/home/liang/Workspace/Ur5e_deploy/resources/trajectories/rokae_best_isaacgym/c768f9fc92c2/isaacgym_seed0.log,/home/liang/Workspace/Isaacgym_cjlu/IsaacGymEnvs/train_dir/1104_LSTM_regrasp_v1_pbt_6p/1104_LSTM_regrasp_v1_pbt_6p_/runs/workspace_allegro_kuka/best3/AllegroKuka_best_obj_000000012.27077_iter_0053_policy003_frame1060110336.pth
c404f7e3873111fa905a28134b471cb721ec195735268d8bb13ffe98588edf71,1104_LSTM_throw_v1_pbt_6p,best0,/home/liang/Workspace/Isaacgym_cjlu/IsaacGymEnvs/train_dir/1104_LSTM_throw_v1_pbt_6p/1104_LSTM_throw_v1_pbt_6p_/runs/workspace_allegro_kuka/best0/AllegroKuka_best_obj_000000001.00024_iter_0011_policy000_frame220069888.pth,1.00024,throw,AllegroRokaeLSTM_throw,1,16,0.0,0.0,84.0478286743164,599.0,passed,0,/home/liang/Workspace/Ur5e_deploy/resources/trajectories/rokae_best_isaacgym/c404f7e38731/isaacgym_seed0.log,/home/liang/Workspace/Isaacgym_cjlu/IsaacGymEnvs/train_dir/1104_LSTM_throw_v1_pbt_6p/1104_LSTM_throw_v1_pbt_6p_/runs/workspace_allegro_kuka/best0/AllegroKuka_best_obj_000000001.00024_iter_0011_policy000_frame220069888.pth
5218ee98d8fd9195bf9c8e2174193d13cbde63a0a763f3cc4845310d33c7d1a7,1104_LSTM_throw_v1_pbt_6p,best0,/home/liang/Workspace/Isaacgym_cjlu/IsaacGymEnvs/train_dir/1104_LSTM_throw_v1_pbt_6p/1104_LSTM_throw_v1_pbt_6p_/runs/workspace_allegro_kuka/best0/AllegroKuka_best_obj_000000001.00061_iter_0036_policy000_frame720109568.pth,1.00061,throw,AllegroRokaeLSTM_throw,1,16,0.0,0.0,56.3681640625,599.0,passed,0,/home/liang/Workspace/Ur5e_deploy/resources/trajectories/rokae_best_isaacgym/5218ee98d8fd/isaacgym_seed0.log,/home/liang/Workspace/Isaacgym_cjlu/IsaacGymEnvs/train_dir/1104_LSTM_throw_v1_pbt_6p/1104_LSTM_throw_v1_pbt_6p_/runs/workspace_allegro_kuka/best0/AllegroKuka_best_obj_000000001.00061_iter_0036_policy000_frame720109568.pth
e675a9676aa4789c76b21ea97b5528102f4bee03aaefa80e7836be4382700b6e,1104_LSTM_throw_v1_pbt_6p,best0,/home/liang/Workspace/Isaacgym_cjlu/IsaacGymEnvs/train_dir/1104_LSTM_throw_v1_pbt_6p/1104_LSTM_throw_v1_pbt_6p_/runs/workspace_allegro_kuka/best0/AllegroKuka_best_obj_000000001.00122_iter_0077_policy000_frame1540096000.pth,1.00122,throw,AllegroRokaeLSTM_throw,1,16,0.0,0.0,32.2427978515625,599.0,passed,0,/home/liang/Workspace/Ur5e_deploy/resources/trajectories/rokae_best_isaacgym/e675a9676aa4/isaacgym_seed0.log,/home/liang/Workspace/Isaacgym_cjlu/IsaacGymEnvs/train_dir/1104_LSTM_throw_v1_pbt_6p/1104_LSTM_throw_v1_pbt_6p_/runs/workspace_allegro_kuka/best0/AllegroKuka_best_obj_000000001.00122_iter_0077_policy000_frame1540096000.pth
4f1287bb4007d67752a5801fd1673844c9cb9d2164b634b84c45887376debdb1,1104_LSTM_throw_v1_pbt_6p,best1,/home/liang/Workspace/Isaacgym_cjlu/IsaacGymEnvs/train_dir/1104_LSTM_throw_v1_pbt_6p/1104_LSTM_throw_v1_pbt_6p_/runs/workspace_allegro_kuka/best1/AllegroKuka_best_obj_000000001.00024_iter_0003_policy001_frame60030976.pth,1.00024,throw,AllegroRokaeLSTM_throw,1,16,0.0,0.0,45.10312271118164,599.0,passed,0,/home/liang/Workspace/Ur5e_deploy/resources/trajectories/rokae_best_isaacgym/4f1287bb4007/isaacgym_seed0.log,/home/liang/Workspace/Isaacgym_cjlu/IsaacGymEnvs/train_dir/1104_LSTM_throw_v1_pbt_6p/1104_LSTM_throw_v1_pbt_6p_/runs/workspace_allegro_kuka/best1/AllegroKuka_best_obj_000000001.00024_iter_0003_policy001_frame60030976.pth
0cc000e832940e980d36e7107f6eaffc2438b4dcc3649d3d1af0bdfbf3cd36f0,1104_LSTM_throw_v1_pbt_6p,best1,/home/liang/Workspace/Isaacgym_cjlu/IsaacGymEnvs/train_dir/1104_LSTM_throw_v1_pbt_6p/1104_LSTM_throw_v1_pbt_6p_/runs/workspace_allegro_kuka/best1/AllegroKuka_best_obj_000000001.00037_iter_0012_policy001_frame240123904.pth,1.00037,throw,AllegroRokaeLSTM_throw,1,16,0.0,0.0,35.07351303100586,599.0,passed,0,/home/liang/Workspace/Ur5e_deploy/resources/trajectories/rokae_best_isaacgym/0cc000e83294/isaacgym_seed0.log,/home/liang/Workspace/Isaacgym_cjlu/IsaacGymEnvs/train_dir/1104_LSTM_throw_v1_pbt_6p/1104_LSTM_throw_v1_pbt_6p_/runs/workspace_allegro_kuka/best1/AllegroKuka_best_obj_000000001.00037_iter_0012_policy001_frame240123904.pth
71d95fbb1555162c4e4fb16123eb362215d1c5c759f6a611c411ad8479fa652e,1104_LSTM_throw_v1_pbt_6p,best1,/home/liang/Workspace/Isaacgym_cjlu/IsaacGymEnvs/train_dir/1104_LSTM_throw_v1_pbt_6p/1104_LSTM_throw_v1_pbt_6p_/runs/workspace_allegro_kuka/best1/AllegroKuka_best_obj_000000001.00049_iter_0025_policy001_frame500039680.pth,1.00049,throw,AllegroRokaeLSTM_throw,1,16,0.0,0.0,12.768281936645508,599.0,passed,0,/home/liang/Workspace/Ur5e_deploy/resources/trajectories/rokae_best_isaacgym/71d95fbb1555/isaacgym_seed0.log,/home/liang/Workspace/Isaacgym_cjlu/IsaacGymEnvs/train_dir/1104_LSTM_throw_v1_pbt_6p/1104_LSTM_throw_v1_pbt_6p_/runs/workspace_allegro_kuka/best1/AllegroKuka_best_obj_000000001.00049_iter_0025_policy001_frame500039680.pth
08ca709dbe83f6543f10ed99d7c114e28148eb1a64adf267250406c809881298,1104_LSTM_throw_v1_pbt_6p,best2,/home/liang/Workspace/Isaacgym_cjlu/IsaacGymEnvs/train_dir/1104_LSTM_throw_v1_pbt_6p/1104_LSTM_throw_v1_pbt_6p_/runs/workspace_allegro_kuka/best2/AllegroKuka_best_obj_000000001.00000_iter_0001_policy002_frame20054016.pth,1.0,throw,AllegroRokaeLSTM_throw,1,16,0.0,0.0,33.340965270996094,599.0,passed,0,/home/liang/Workspace/Ur5e_deploy/resources/trajectories/rokae_best_isaacgym/08ca709dbe83/isaacgym_seed0.log,/home/liang/Workspace/Isaacgym_cjlu/IsaacGymEnvs/train_dir/1104_LSTM_throw_v1_pbt_6p/1104_LSTM_throw_v1_pbt_6p_/runs/workspace_allegro_kuka/best2/AllegroKuka_best_obj_000000001.00000_iter_0001_policy002_frame20054016.pth
8c5ec26bf2cb63d56afcda647e17f058ae75c88620b41ffc0ed77a338d9e5dd0,1104_LSTM_throw_v1_pbt_6p,best2,/home/liang/Workspace/Isaacgym_cjlu/IsaacGymEnvs/train_dir/1104_LSTM_throw_v1_pbt_6p/1104_LSTM_throw_v1_pbt_6p_/runs/workspace_allegro_kuka/best2/AllegroKuka_best_obj_000000001.00012_iter_0003_policy001_frame60030976.pth,1.00012,throw,AllegroRokaeLSTM_throw,1,16,0.0,0.0,42.584930419921875,599.0,passed,0,/home/liang/Workspace/Ur5e_deploy/resources/trajectories/rokae_best_isaacgym/8c5ec26bf2cb/isaacgym_seed0.log,/home/liang/Workspace/Isaacgym_cjlu/IsaacGymEnvs/train_dir/1104_LSTM_throw_v1_pbt_6p/1104_LSTM_throw_v1_pbt_6p_/runs/workspace_allegro_kuka/best2/AllegroKuka_best_obj_000000001.00012_iter_0003_policy001_frame60030976.pth
88d82466b9487c42c45cee201bc18970be6de0bf54d2f37f5e07e277bf42df13,1104_LSTM_throw_v1_pbt_6p,best2,/home/liang/Workspace/Isaacgym_cjlu/IsaacGymEnvs/train_dir/1104_LSTM_throw_v1_pbt_6p/1104_LSTM_throw_v1_pbt_6p_/runs/workspace_allegro_kuka/best2/AllegroKuka_best_obj_000000001.00024_iter_0005_policy002_frame100007936.pth,1.00024,throw,AllegroRokaeLSTM_throw,1,16,0.0,0.0,47.31045150756836,599.0,passed,0,/home/liang/Workspace/Ur5e_deploy/resources/trajectories/rokae_best_isaacgym/88d82466b948/isaacgym_seed0.log,/home/liang/Workspace/Isaacgym_cjlu/IsaacGymEnvs/train_dir/1104_LSTM_throw_v1_pbt_6p/1104_LSTM_throw_v1_pbt_6p_/runs/workspace_allegro_kuka/best2/AllegroKuka_best_obj_000000001.00024_iter_0005_policy002_frame100007936.pth
1f3dc6ef2e0d1ed34e5cd5962b4ff06b5b6c7c101c81b73daf725593236e8600,1104_LSTM_throw_v1_pbt_6p,best3,/home/liang/Workspace/Isaacgym_cjlu/IsaacGymEnvs/train_dir/1104_LSTM_throw_v1_pbt_6p/1104_LSTM_throw_v1_pbt_6p_/runs/workspace_allegro_kuka/best3/AllegroKuka_best_obj_000000009.33960_iter_0458_policy003_frame9160097792.pth,9.3396,throw,AllegroRokaeLSTM_throw,1,16,0.0,0.0,39.382041931152344,599.0,passed,0,/home/liang/Workspace/Ur5e_deploy/resources/trajectories/rokae_best_isaacgym/1f3dc6ef2e0d/isaacgym_seed0.log,/home/liang/Workspace/Isaacgym_cjlu/IsaacGymEnvs/train_dir/1104_LSTM_throw_v1_pbt_6p/1104_LSTM_throw_v1_pbt_6p_/runs/workspace_allegro_kuka/best3/AllegroKuka_best_obj_000000009.33960_iter_0458_policy003_frame9160097792.pth
e4b0d21208065669ded36a340574f2880796560f78bb2a23d203d2c3273e14f9,1104_LSTM_throw_v1_pbt_6p,best3,/home/liang/Workspace/Isaacgym_cjlu/IsaacGymEnvs/train_dir/1104_LSTM_throw_v1_pbt_6p/1104_LSTM_throw_v1_pbt_6p_/runs/workspace_allegro_kuka/best3/AllegroKuka_best_obj_000000009.44922_iter_0459_policy003_frame9180020736.pth,9.44922,throw,AllegroRokaeLSTM_throw,1,16,0.0,0.0,36.610389709472656,599.0,passed,0,/home/liang/Workspace/Ur5e_deploy/resources/trajectories/rokae_best_isaacgym/e4b0d2120806/isaacgym_seed0.log,/home/liang/Workspace/Isaacgym_cjlu/IsaacGymEnvs/train_dir/1104_LSTM_throw_v1_pbt_6p/1104_LSTM_throw_v1_pbt_6p_/runs/workspace_allegro_kuka/best3/AllegroKuka_best_obj_000000009.44922_iter_0459_policy003_frame9180020736.pth
7fd938b1f83e497de59f4b1a25ce8c7065eaa7dfe4ce4527da459d327f792ae1,1104_LSTM_throw_v1_pbt_6p,best3,/home/liang/Workspace/Isaacgym_cjlu/IsaacGymEnvs/train_dir/1104_LSTM_throw_v1_pbt_6p/1104_LSTM_throw_v1_pbt_6p_/runs/workspace_allegro_kuka/best3/AllegroKuka_best_obj_000000009.84485_iter_0460_policy003_frame9200074752.pth,9.84485,throw,AllegroRokaeLSTM_throw,1,16,0.0,0.0,35.61419677734375,599.0,passed,0,/home/liang/Workspace/Ur5e_deploy/resources/trajectories/rokae_best_isaacgym/7fd938b1f83e/isaacgym_seed0.log,/home/liang/Workspace/Isaacgym_cjlu/IsaacGymEnvs/train_dir/1104_LSTM_throw_v1_pbt_6p/1104_LSTM_throw_v1_pbt_6p_/runs/workspace_allegro_kuka/best3/AllegroKuka_best_obj_000000009.84485_iter_0460_policy003_frame9200074752.pth
4b258fbdbd09a61ba1e22eb01774754dc9b6b1c362dd03cc0aa05a1540198715,1203_LSTM_throw_v1_pbt_6p,best0,/home/liang/Workspace/Isaacgym_cjlu/IsaacGymEnvs/train_dir/1203_LSTM_throw_v1_pbt_6p/1203_LSTM_throw_v1_pbt_6p_/runs/workspace_allegro_kuka/best0/AllegroKuka_best_obj_000000025.42456_iter_0255_policy000_frame5100011520.pth,25.42456,throw,AllegroRokaeLSTM_throw,1,16,0.0,0.0,115.15100860595703,599.0,passed,0,/home/liang/Workspace/Ur5e_deploy/resources/trajectories/rokae_best_isaacgym/4b258fbdbd09/isaacgym_seed0.log,/home/liang/Workspace/Isaacgym_cjlu/IsaacGymEnvs/train_dir/1203_LSTM_throw_v1_pbt_6p/1203_LSTM_throw_v1_pbt_6p_/runs/workspace_allegro_kuka/best0/AllegroKuka_best_obj_000000025.42456_iter_0255_policy000_frame5100011520.pth
87de5e91e7b294612c67d9aac24c26ffd68411ba3b2573fc66b31636eedc876c,1203_LSTM_throw_v1_pbt_6p,best0,/home/liang/Workspace/Isaacgym_cjlu/IsaacGymEnvs/train_dir/1203_LSTM_throw_v1_pbt_6p/1203_LSTM_throw_v1_pbt_6p_/runs/workspace_allegro_kuka/best0/AllegroKuka_best_obj_000000025.48193_iter_0258_policy000_frame5160042496.pth,25.48193,throw,AllegroRokaeLSTM_throw,1,16,0.0,0.0,158.423828125,599.0,passed,0,/home/liang/Workspace/Ur5e_deploy/resources/trajectories/rokae_best_isaacgym/87de5e91e7b2/isaacgym_seed0.log,/home/liang/Workspace/Isaacgym_cjlu/IsaacGymEnvs/train_dir/1203_LSTM_throw_v1_pbt_6p/1203_LSTM_throw_v1_pbt_6p_/runs/workspace_allegro_kuka/best0/AllegroKuka_best_obj_000000025.48193_iter_0258_policy000_frame5160042496.pth
d72902cd8d4e0251af941ff7c556308e3bb5e6a016490a41afa4d2fd0ad5efe9,1203_LSTM_throw_v1_pbt_6p,best0,/home/liang/Workspace/Isaacgym_cjlu/IsaacGymEnvs/train_dir/1203_LSTM_throw_v1_pbt_6p/1203_LSTM_throw_v1_pbt_6p_/runs/workspace_allegro_kuka/best0/AllegroKuka_best_obj_000000025.64282_iter_0259_policy000_frame5180030976.pth,25.64282,throw,AllegroRokaeLSTM_throw,1,16,0.0,0.0,140.2313995361328,599.0,passed,0,/home/liang/Workspace/Ur5e_deploy/resources/trajectories/rokae_best_isaacgym/d72902cd8d4e/isaacgym_seed0.log,/home/liang/Workspace/Isaacgym_cjlu/IsaacGymEnvs/train_dir/1203_LSTM_throw_v1_pbt_6p/1203_LSTM_throw_v1_pbt_6p_/runs/workspace_allegro_kuka/best0/AllegroKuka_best_obj_000000025.64282_iter_0259_policy000_frame5180030976.pth
170bfcd5604b50bb8b7e8aa3fd895f1002bdd9d7f3773eeef1d06c0f26bc6a6e,1203_LSTM_throw_v1_pbt_6p,best1,/home/liang/Workspace/Isaacgym_cjlu/IsaacGymEnvs/train_dir/1203_LSTM_throw_v1_pbt_6p/1203_LSTM_throw_v1_pbt_6p_/runs/workspace_allegro_kuka/best1/AllegroKuka_best_obj_000000015.22021_iter_0099_policy003_frame1980039168.pth,15.22021,throw,AllegroRokaeLSTM_throw,3,16,3.0,0.25,771.1424603462219,620.75,passed,0,/home/liang/Workspace/Ur5e_deploy/resources/trajectories/rokae_best_isaacgym/170bfcd5604b/isaacgym_seed0.log,/home/liang/Workspace/Isaacgym_cjlu/IsaacGymEnvs/train_dir/1203_LSTM_throw_v1_pbt_6p/1203_LSTM_throw_v1_pbt_6p_/runs/workspace_allegro_kuka/best1/AllegroKuka_best_obj_000000015.22021_iter_0099_policy003_frame1980039168.pth|/home/liang/Workspace/Isaacgym_cjlu/IsaacGymEnvs/train_dir/1203_LSTM_throw_v1_pbt_6p/1203_LSTM_throw_v1_pbt_6p_/runs/workspace_allegro_kuka/best3/AllegroKuka_best_obj_000000015.22021_iter_0099_policy003_frame1980039168.pth|/home/liang/Workspace/Isaacgym_cjlu/IsaacGymEnvs/train_dir/1203_LSTM_throw_v1_pbt_6p/1203_LSTM_throw_v1_pbt_6p_/runs/workspace_allegro_kuka/best5/AllegroKuka_best_obj_000000015.22021_iter_0107_policy003_frame2140012544.pth
a19b9fe01dbbc1b54a1c98a9d2c61849b4bb08737510536d0c26acb42f43a0c8,1203_LSTM_throw_v1_pbt_6p,best1,/home/liang/Workspace/Isaacgym_cjlu/IsaacGymEnvs/train_dir/1203_LSTM_throw_v1_pbt_6p/1203_LSTM_throw_v1_pbt_6p_/runs/workspace_allegro_kuka/best1/AllegroKuka_best_obj_000000016.36719_iter_0101_policy003_frame2020016128.pth,16.36719,throw,AllegroRokaeLSTM_throw,3,16,1.0,0.06,328.44593048095703,623.0,passed,0,/home/liang/Workspace/Ur5e_deploy/resources/trajectories/rokae_best_isaacgym/a19b9fe01dbb/isaacgym_seed0.log,/home/liang/Workspace/Isaacgym_cjlu/IsaacGymEnvs/train_dir/1203_LSTM_throw_v1_pbt_6p/1203_LSTM_throw_v1_pbt_6p_/runs/workspace_allegro_kuka/best1/AllegroKuka_best_obj_000000016.36719_iter_0101_policy003_frame2020016128.pth|/home/liang/Workspace/Isaacgym_cjlu/IsaacGymEnvs/train_dir/1203_LSTM_throw_v1_pbt_6p/1203_LSTM_throw_v1_pbt_6p_/runs/workspace_allegro_kuka/best3/AllegroKuka_best_obj_000000016.36719_iter_0101_policy003_frame2020016128.pth|/home/liang/Workspace/Isaacgym_cjlu/IsaacGymEnvs/train_dir/1203_LSTM_throw_v1_pbt_6p/1203_LSTM_throw_v1_pbt_6p_/runs/workspace_allegro_kuka/best5/AllegroKuka_best_obj_000000016.36719_iter_0109_policy003_frame2180055040.pth
8e42e219834b58746869165b854879dadc7aa6c81fff715e7c37a1838e4aa692,1203_LSTM_throw_v1_pbt_6p,best1,/home/liang/Workspace/Isaacgym_cjlu/IsaacGymEnvs/train_dir/1203_LSTM_throw_v1_pbt_6p/1203_LSTM_throw_v1_pbt_6p_/runs/workspace_allegro_kuka/best1/AllegroKuka_best_obj_000000016.63745_iter_0109_policy003_frame2180055040.pth,16.63745,throw,AllegroRokaeLSTM_throw,3,16,1.0,0.31,715.6109085083008,648.375,passed,0,/home/liang/Workspace/Ur5e_deploy/resources/trajectories/rokae_best_isaacgym/8e42e219834b/isaacgym_seed0.log,/home/liang/Workspace/Isaacgym_cjlu/IsaacGymEnvs/train_dir/1203_LSTM_throw_v1_pbt_6p/1203_LSTM_throw_v1_pbt_6p_/runs/workspace_allegro_kuka/best1/AllegroKuka_best_obj_000000016.63745_iter_0109_policy003_frame2180055040.pth|/home/liang/Workspace/Isaacgym_cjlu/IsaacGymEnvs/train_dir/1203_LSTM_throw_v1_pbt_6p/1203_LSTM_throw_v1_pbt_6p_/runs/workspace_allegro_kuka/best3/AllegroKuka_best_obj_000000016.63745_iter_0109_policy003_frame2180055040.pth|/home/liang/Workspace/Isaacgym_cjlu/IsaacGymEnvs/train_dir/1203_LSTM_throw_v1_pbt_6p/1203_LSTM_throw_v1_pbt_6p_/runs/workspace_allegro_kuka/best5/AllegroKuka_best_obj_000000016.63745_iter_0117_policy003_frame2340028416.pth
4428d0eb09578ce8061e5aae976200c11a01a8b73997e0a6194c00c877fa039e,1203_LSTM_throw_v1_pbt_6p,best2,/home/liang/Workspace/Isaacgym_cjlu/IsaacGymEnvs/train_dir/1203_LSTM_throw_v1_pbt_6p/1203_LSTM_throw_v1_pbt_6p_/runs/workspace_allegro_kuka/best2/AllegroKuka_best_obj_000000001.05884_iter_0036_policy002_frame720044032.pth,1.05884,throw,AllegroRokaeLSTM_throw,1,16,0.0,0.0,78.5322036743164,599.0,passed,0,/home/liang/Workspace/Ur5e_deploy/resources/trajectories/rokae_best_isaacgym/4428d0eb0957/isaacgym_seed0.log,/home/liang/Workspace/Isaacgym_cjlu/IsaacGymEnvs/train_dir/1203_LSTM_throw_v1_pbt_6p/1203_LSTM_throw_v1_pbt_6p_/runs/workspace_allegro_kuka/best2/AllegroKuka_best_obj_000000001.05884_iter_0036_policy002_frame720044032.pth
e81b08f08304cf495791de62ee9bbacd58fdd47367bc4d417f74d25ac576b6f3,1205LSTM,best1,/home/liang/Workspace/Isaacgym_cjlu/IsaacGymEnvs/train_dir/1205LSTM/best1/AllegroKuka_best_obj_000000027.21460_iter_0471_policy002_frame9420013568.pth,27.2146,throw,AllegroRokaeLSTM_throw,1,16,8.0,0.94,2487.3893508911133,714.625,passed,0,/home/liang/Workspace/Ur5e_deploy/resources/trajectories/rokae_best_isaacgym/e81b08f08304/isaacgym_seed0.log,/home/liang/Workspace/Isaacgym_cjlu/IsaacGymEnvs/train_dir/1205LSTM/best1/AllegroKuka_best_obj_000000027.21460_iter_0471_policy002_frame9420013568.pth
3092dd56a54e63abe6d4f50f0cad65b7295613a6998c846e1a6bb865101c7850,1205LSTM,best1,/home/liang/Workspace/Isaacgym_cjlu/IsaacGymEnvs/train_dir/1205LSTM/best1/AllegroKuka_best_obj_000000027.63306_iter_0492_policy002_frame9840033792.pth,27.63306,throw,AllegroRokaeLSTM_throw,1,17,11.0,1.0,1778.047654095818,670.8823529411765,passed,0,/home/liang/Workspace/Ur5e_deploy/resources/trajectories/rokae_best_isaacgym/3092dd56a54e/isaacgym_seed0.log,/home/liang/Workspace/Isaacgym_cjlu/IsaacGymEnvs/train_dir/1205LSTM/best1/AllegroKuka_best_obj_000000027.63306_iter_0492_policy002_frame9840033792.pth
5d6b5e33fb2f937e80f9c361d587dbe5782c4ff8e4e8e77322925ed396ba8d46,1205LSTM,best1,/home/liang/Workspace/Isaacgym_cjlu/IsaacGymEnvs/train_dir/1205LSTM/best1/AllegroKuka_best_obj_000000027.65112_iter_0499_policy002_frame9980018688.pth,27.65112,throw,AllegroRokaeLSTM_throw,1,16,6.0,1.06,2494.023162841797,706.6875,passed,0,/home/liang/Workspace/Ur5e_deploy/resources/trajectories/rokae_best_isaacgym/5d6b5e33fb2f/isaacgym_seed0.log,/home/liang/Workspace/Isaacgym_cjlu/IsaacGymEnvs/train_dir/1205LSTM/best1/AllegroKuka_best_obj_000000027.65112_iter_0499_policy002_frame9980018688.pth
3c84d0aeed3da02404073e9c7851bff2ac6b9e680ed7b5fcbc8d025120a59f0a,1205_1_LSTM_throw_v1_pbt_8p,best0,/home/liang/Workspace/Isaacgym_cjlu/IsaacGymEnvs/train_dir/1205_1_LSTM_throw_v1_pbt_8p/1205_1_LSTM_throw_v1_pbt_8p_/runs/workspace_allegro_kuka/best0/AllegroKuka_best_obj_000000026.57373_iter_0373_policy002_frame7460028416.pth,26.57373,throw,AllegroRokaeLSTM_throw,4,19,9.0,1.38,2072.8123875668175,694.7368421052631,passed,0,/home/liang/Workspace/Ur5e_deploy/resources/trajectories/rokae_best_isaacgym/3c84d0aeed3d/isaacgym_seed0.log,/home/liang/Workspace/Isaacgym_cjlu/IsaacGymEnvs/train_dir/1205_1_LSTM_throw_v1_pbt_8p/1205_1_LSTM_throw_v1_pbt_8p_/runs/workspace_allegro_kuka/best0/AllegroKuka_best_obj_000000026.57373_iter_0373_policy002_frame7460028416.pth|/home/liang/Workspace/Isaacgym_cjlu/IsaacGymEnvs/train_dir/1205_1_LSTM_throw_v1_pbt_8p/1205_1_LSTM_throw_v1_pbt_8p_/runs/workspace_allegro_kuka/best1/AllegroKuka_best_obj_000000026.57373_iter_0372_policy002_frame7440039936.pth|/home/liang/Workspace/Isaacgym_cjlu/IsaacGymEnvs/train_dir/1205_1_LSTM_throw_v1_pbt_8p/1205_1_LSTM_throw_v1_pbt_8p_/runs/workspace_allegro_kuka/best2/AllegroKuka_best_obj_000000026.57373_iter_0372_policy002_frame7440039936.pth|/home/liang/Workspace/Isaacgym_cjlu/IsaacGymEnvs/train_dir/1205_1_LSTM_throw_v1_pbt_8p/1205_1_LSTM_throw_v1_pbt_8p_/runs/workspace_allegro_kuka/best3/AllegroKuka_best_obj_000000026.57373_iter_0373_policy002_frame7460028416.pth
ce75dbf7130499a7d80f54eb472e7ff02a23f6be600f9816f770dedb5d3b94d1,1205_1_LSTM_throw_v1_pbt_8p,best0,/home/liang/Workspace/Isaacgym_cjlu/IsaacGymEnvs/train_dir/1205_1_LSTM_throw_v1_pbt_8p/1205_1_LSTM_throw_v1_pbt_8p_/runs/workspace_allegro_kuka/best0/AllegroKuka_best_obj_000000026.59790_iter_0416_policy002_frame8320057344.pth,26.5979,throw,AllegroRokaeLSTM_throw,4,17,13.0,1.06,1801.682839786305,671.4705882352941,passed,0,/home/liang/Workspace/Ur5e_deploy/resources/trajectories/rokae_best_isaacgym/ce75dbf71304/isaacgym_seed0.log,/home/liang/Workspace/Isaacgym_cjlu/IsaacGymEnvs/train_dir/1205_1_LSTM_throw_v1_pbt_8p/1205_1_LSTM_throw_v1_pbt_8p_/runs/workspace_allegro_kuka/best0/AllegroKuka_best_obj_000000026.59790_iter_0416_policy002_frame8320057344.pth|/home/liang/Workspace/Isaacgym_cjlu/IsaacGymEnvs/train_dir/1205_1_LSTM_throw_v1_pbt_8p/1205_1_LSTM_throw_v1_pbt_8p_/runs/workspace_allegro_kuka/best1/AllegroKuka_best_obj_000000026.59790_iter_0415_policy002_frame8300003328.pth|/home/liang/Workspace/Isaacgym_cjlu/IsaacGymEnvs/train_dir/1205_1_LSTM_throw_v1_pbt_8p/1205_1_LSTM_throw_v1_pbt_8p_/runs/workspace_allegro_kuka/best2/AllegroKuka_best_obj_000000026.59790_iter_0415_policy002_frame8300003328.pth|/home/liang/Workspace/Isaacgym_cjlu/IsaacGymEnvs/train_dir/1205_1_LSTM_throw_v1_pbt_8p/1205_1_LSTM_throw_v1_pbt_8p_/runs/workspace_allegro_kuka/best3/AllegroKuka_best_obj_000000026.59790_iter_0416_policy002_frame8320057344.pth
ac3fd6db6cb585e2f7bcc5442ab810f7b33fbce2dfdd884d821383984f73b032,1205_1_LSTM_throw_v1_pbt_8p,best0,/home/liang/Workspace/Isaacgym_cjlu/IsaacGymEnvs/train_dir/1205_1_LSTM_throw_v1_pbt_8p/1205_1_LSTM_throw_v1_pbt_8p_/runs/workspace_allegro_kuka/best0/AllegroKuka_best_obj_000000026.79663_iter_0419_policy002_frame8380022784.pth,26.79663,throw,AllegroRokaeLSTM_throw,4,17,12.0,1.44,2367.0269649730008,700.2352941176471,reused,0,/home/liang/Workspace/Ur5e_deploy/resources/trajectories/rokae_best_isaacgym/ac3fd6db6cb5/isaacgym_seed0.log,/home/liang/Workspace/Isaacgym_cjlu/IsaacGymEnvs/train_dir/1205_1_LSTM_throw_v1_pbt_8p/1205_1_LSTM_throw_v1_pbt_8p_/runs/workspace_allegro_kuka/best0/AllegroKuka_best_obj_000000026.79663_iter_0419_policy002_frame8380022784.pth|/home/liang/Workspace/Isaacgym_cjlu/IsaacGymEnvs/train_dir/1205_1_LSTM_throw_v1_pbt_8p/1205_1_LSTM_throw_v1_pbt_8p_/runs/workspace_allegro_kuka/best1/AllegroKuka_best_obj_000000026.79663_iter_0418_policy002_frame8360034304.pth|/home/liang/Workspace/Isaacgym_cjlu/IsaacGymEnvs/train_dir/1205_1_LSTM_throw_v1_pbt_8p/1205_1_LSTM_throw_v1_pbt_8p_/runs/workspace_allegro_kuka/best2/AllegroKuka_best_obj_000000026.79663_iter_0418_policy002_frame8360034304.pth|/home/liang/Workspace/Isaacgym_cjlu/IsaacGymEnvs/train_dir/1205_1_LSTM_throw_v1_pbt_8p/1205_1_LSTM_throw_v1_pbt_8p_/runs/workspace_allegro_kuka/best3/AllegroKuka_best_obj_000000026.79663_iter_0419_policy002_frame8380022784.pth
25449980e2f5ff17966a61eb2d1d69315f8ff2c3a09ed304feb96e1ac2f40070,Adjusted_Roake0.14-0.06-0.02_allegro_kuka_throw_v1_pbt_8p,best0,/home/liang/Workspace/Isaacgym_cjlu/IsaacGymEnvs/train_dir/Adjusted_Roake0.14-0.06-0.02_allegro_kuka_throw_v1_pbt_8p/Adjusted_Roake0.14-0.06-0.02_allegro_kuka_throw_v1_pbt_8p_/runs/workspace_allegro_kuka/best0/AllegroKuka_best_obj_000000002.56042_iter_0496_policy000_frame9920053248.pth,2.56042,throw,AllegroRokaeLSTM_throw,1,16,0.0,0.0,2.0570695400238037,599.0,passed,0,/home/liang/Workspace/Ur5e_deploy/resources/trajectories/rokae_best_isaacgym/25449980e2f5/isaacgym_seed0.log,/home/liang/Workspace/Isaacgym_cjlu/IsaacGymEnvs/train_dir/Adjusted_Roake0.14-0.06-0.02_allegro_kuka_throw_v1_pbt_8p/Adjusted_Roake0.14-0.06-0.02_allegro_kuka_throw_v1_pbt_8p_/runs/workspace_allegro_kuka/best0/AllegroKuka_best_obj_000000002.56042_iter_0496_policy000_frame9920053248.pth
1b89d3a96a4d86b7ea4ecd9c83c0d96d33bf97489f4280ebebb25bf920f6c9a7,Adjusted_Roake0.14-0.06-0.02_allegro_kuka_throw_v1_pbt_8p,best0,/home/liang/Workspace/Isaacgym_cjlu/IsaacGymEnvs/train_dir/Adjusted_Roake0.14-0.06-0.02_allegro_kuka_throw_v1_pbt_8p/Adjusted_Roake0.14-0.06-0.02_allegro_kuka_throw_v1_pbt_8p_/runs/workspace_allegro_kuka/best0/AllegroKuka_best_obj_000000002.72107_iter_0498_policy000_frame9960030208.pth,2.72107,throw,AllegroRokaeLSTM_throw,1,16,0.0,0.0,2.0570695400238037,599.0,passed,0,/home/liang/Workspace/Ur5e_deploy/resources/trajectories/rokae_best_isaacgym/1b89d3a96a4d/isaacgym_seed0.log,/home/liang/Workspace/Isaacgym_cjlu/IsaacGymEnvs/train_dir/Adjusted_Roake0.14-0.06-0.02_allegro_kuka_throw_v1_pbt_8p/Adjusted_Roake0.14-0.06-0.02_allegro_kuka_throw_v1_pbt_8p_/runs/workspace_allegro_kuka/best0/AllegroKuka_best_obj_000000002.72107_iter_0498_policy000_frame9960030208.pth
d570330037f1521d4063b1a8ea0996d90a9ba9f93a1b9a9209839759dea566c2,Adjusted_Roake0.14-0.06-0.02_allegro_kuka_throw_v1_pbt_8p,best0,/home/liang/Workspace/Isaacgym_cjlu/IsaacGymEnvs/train_dir/Adjusted_Roake0.14-0.06-0.02_allegro_kuka_throw_v1_pbt_8p/Adjusted_Roake0.14-0.06-0.02_allegro_kuka_throw_v1_pbt_8p_/runs/workspace_allegro_kuka/best0/AllegroKuka_best_obj_000000002.86682_iter_0499_policy000_frame9986768896.pth,2.86682,throw,AllegroRokaeLSTM_throw,1,16,0.0,0.0,2.0570695400238037,599.0,passed,0,/home/liang/Workspace/Ur5e_deploy/resources/trajectories/rokae_best_isaacgym/d570330037f1/isaacgym_seed0.log,/home/liang/Workspace/Isaacgym_cjlu/IsaacGymEnvs/train_dir/Adjusted_Roake0.14-0.06-0.02_allegro_kuka_throw_v1_pbt_8p/Adjusted_Roake0.14-0.06-0.02_allegro_kuka_throw_v1_pbt_8p_/runs/workspace_allegro_kuka/best0/AllegroKuka_best_obj_000000002.86682_iter_0499_policy000_frame9986768896.pth
74f46972e18ca335bd596fbb0c9036ef7d586534dc0fa8b3760f1815bd4843c3,Adjusted_Roake0.14-0.06-0.02_allegro_kuka_throw_v1_pbt_8p,best1,/home/liang/Workspace/Isaacgym_cjlu/IsaacGymEnvs/train_dir/Adjusted_Roake0.14-0.06-0.02_allegro_kuka_throw_v1_pbt_8p/Adjusted_Roake0.14-0.06-0.02_allegro_kuka_throw_v1_pbt_8p_/runs/workspace_allegro_kuka/best1/AllegroKuka_best_obj_000000008.09070_iter_0404_policy001_frame8080064512.pth,8.0907,throw,AllegroRokaeLSTM_throw,1,16,0.0,0.0,-7.47789192199707,599.0,passed,0,/home/liang/Workspace/Ur5e_deploy/resources/trajectories/rokae_best_isaacgym/74f46972e18c/isaacgym_seed0.log,/home/liang/Workspace/Isaacgym_cjlu/IsaacGymEnvs/train_dir/Adjusted_Roake0.14-0.06-0.02_allegro_kuka_throw_v1_pbt_8p/Adjusted_Roake0.14-0.06-0.02_allegro_kuka_throw_v1_pbt_8p_/runs/workspace_allegro_kuka/best1/AllegroKuka_best_obj_000000008.09070_iter_0404_policy001_frame8080064512.pth
9b8e692dd57b40f0e5e8d19b13d443862f79e3e11113c7e131171c9a5d8d3381,Adjusted_Roake0.14-0.06-0.02_allegro_kuka_throw_v1_pbt_8p,best1,/home/liang/Workspace/Isaacgym_cjlu/IsaacGymEnvs/train_dir/Adjusted_Roake0.14-0.06-0.02_allegro_kuka_throw_v1_pbt_8p/Adjusted_Roake0.14-0.06-0.02_allegro_kuka_throw_v1_pbt_8p_/runs/workspace_allegro_kuka/best1/AllegroKuka_best_obj_000000008.15759_iter_0491_policy001_frame9820045312.pth,8.15759,throw,AllegroRokaeLSTM_throw,1,16,0.0,0.0,-3.642162799835205,599.0,passed,0,/home/liang/Workspace/Ur5e_deploy/resources/trajectories/rokae_best_isaacgym/9b8e692dd57b/isaacgym_seed0.log,/home/liang/Workspace/Isaacgym_cjlu/IsaacGymEnvs/train_dir/Adjusted_Roake0.14-0.06-0.02_allegro_kuka_throw_v1_pbt_8p/Adjusted_Roake0.14-0.06-0.02_allegro_kuka_throw_v1_pbt_8p_/runs/workspace_allegro_kuka/best1/AllegroKuka_best_obj_000000008.15759_iter_0491_policy001_frame9820045312.pth
7d439978fb69ff1860cb52946f754e4f9ca5c107a3ca6967dd48f459562e9243,Adjusted_Roake0.14-0.06-0.02_allegro_kuka_throw_v1_pbt_8p,best1,/home/liang/Workspace/Isaacgym_cjlu/IsaacGymEnvs/train_dir/Adjusted_Roake0.14-0.06-0.02_allegro_kuka_throw_v1_pbt_8p/Adjusted_Roake0.14-0.06-0.02_allegro_kuka_throw_v1_pbt_8p_/runs/workspace_allegro_kuka/best1/AllegroKuka_best_obj_000000008.34766_iter_0498_policy001_frame9960030208.pth,8.34766,throw,AllegroRokaeLSTM_throw,1,16,0.0,0.0,-3.3112168312072754,599.0,passed,0,/home/liang/Workspace/Ur5e_deploy/resources/trajectories/rokae_best_isaacgym/7d439978fb69/isaacgym_seed0.log,/home/liang/Workspace/Isaacgym_cjlu/IsaacGymEnvs/train_dir/Adjusted_Roake0.14-0.06-0.02_allegro_kuka_throw_v1_pbt_8p/Adjusted_Roake0.14-0.06-0.02_allegro_kuka_throw_v1_pbt_8p_/runs/workspace_allegro_kuka/best1/AllegroKuka_best_obj_000000008.34766_iter_0498_policy001_frame9960030208.pth
6f8b627af3a548d0a2c4046be80dfe95a49d7bfb19dac7a6839d0d2770cb37c9,Adjusted_Roake0.14-0.06-0.02_allegro_kuka_throw_v1_pbt_8p,best2,/home/liang/Workspace/Isaacgym_cjlu/IsaacGymEnvs/train_dir/Adjusted_Roake0.14-0.06-0.02_allegro_kuka_throw_v1_pbt_8p/Adjusted_Roake0.14-0.06-0.02_allegro_kuka_throw_v1_pbt_8p_/runs/workspace_allegro_kuka/best2/AllegroKuka_best_obj_000000017.38953_iter_0476_policy002_frame9520021504.pth,17.38953,throw,AllegroRokaeLSTM_throw,1,16,0.0,0.0,6.2573747634887695,599.0,passed,0,/home/liang/Workspace/Ur5e_deploy/resources/trajectories/rokae_best_isaacgym/6f8b627af3a5/isaacgym_seed0.log,/home/liang/Workspace/Isaacgym_cjlu/IsaacGymEnvs/train_dir/Adjusted_Roake0.14-0.06-0.02_allegro_kuka_throw_v1_pbt_8p/Adjusted_Roake0.14-0.06-0.02_allegro_kuka_throw_v1_pbt_8p_/runs/workspace_allegro_kuka/best2/AllegroKuka_best_obj_000000017.38953_iter_0476_policy002_frame9520021504.pth
ab2086051dedf50a9f0b1e1ef9042308edc01bc38ea61430f67db047b493703a,Adjusted_Roake0.14-0.06-0.02_allegro_kuka_throw_v1_pbt_8p,best2,/home/liang/Workspace/Isaacgym_cjlu/IsaacGymEnvs/train_dir/Adjusted_Roake0.14-0.06-0.02_allegro_kuka_throw_v1_pbt_8p/Adjusted_Roake0.14-0.06-0.02_allegro_kuka_throw_v1_pbt_8p_/runs/workspace_allegro_kuka/best2/AllegroKuka_best_obj_000000017.45374_iter_0478_policy002_frame9560129536.pth,17.45374,throw,AllegroRokaeLSTM_throw,1,16,0.0,0.0,0.837838888168335,599.0,passed,0,/home/liang/Workspace/Ur5e_deploy/resources/trajectories/rokae_best_isaacgym/ab2086051ded/isaacgym_seed0.log,/home/liang/Workspace/Isaacgym_cjlu/IsaacGymEnvs/train_dir/Adjusted_Roake0.14-0.06-0.02_allegro_kuka_throw_v1_pbt_8p/Adjusted_Roake0.14-0.06-0.02_allegro_kuka_throw_v1_pbt_8p_/runs/workspace_allegro_kuka/best2/AllegroKuka_best_obj_000000017.45374_iter_0478_policy002_frame9560129536.pth
91dd659f9534303642f656a3966ad281c586cfead79f58ec6a5aa26cab500fda,Adjusted_Roake0.14-0.06-0.02_allegro_kuka_throw_v1_pbt_8p,best2,/home/liang/Workspace/Isaacgym_cjlu/IsaacGymEnvs/train_dir/Adjusted_Roake0.14-0.06-0.02_allegro_kuka_throw_v1_pbt_8p/Adjusted_Roake0.14-0.06-0.02_allegro_kuka_throw_v1_pbt_8p_/runs/workspace_allegro_kuka/best2/AllegroKuka_best_obj_000000017.80396_iter_0484_policy002_frame9680060416.pth,17.80396,throw,AllegroRokaeLSTM_throw,1,16,0.0,0.0,4.011395454406738,599.0,passed,0,/home/liang/Workspace/Ur5e_deploy/resources/trajectories/rokae_best_isaacgym/91dd659f9534/isaacgym_seed0.log,/home/liang/Workspace/Isaacgym_cjlu/IsaacGymEnvs/train_dir/Adjusted_Roake0.14-0.06-0.02_allegro_kuka_throw_v1_pbt_8p/Adjusted_Roake0.14-0.06-0.02_allegro_kuka_throw_v1_pbt_8p_/runs/workspace_allegro_kuka/best2/AllegroKuka_best_obj_000000017.80396_iter_0484_policy002_frame9680060416.pth
93c041e068ba9a7649a548b787954d0804e224fd87844f9c459876a17fbbb72f,Adjusted_Roake0.14-0.06-0.02_allegro_kuka_throw_v1_pbt_8p,best3,/home/liang/Workspace/Isaacgym_cjlu/IsaacGymEnvs/train_dir/Adjusted_Roake0.14-0.06-0.02_allegro_kuka_throw_v1_pbt_8p/Adjusted_Roake0.14-0.06-0.02_allegro_kuka_throw_v1_pbt_8p_/runs/workspace_allegro_kuka/best3/AllegroKuka_best_obj_000000016.59546_iter_0489_policy002_frame9780068352.pth,16.59546,throw,AllegroRokaeLSTM_throw,2,16,0.0,0.0,2.6714704036712646,599.0,passed,0,/home/liang/Workspace/Ur5e_deploy/resources/trajectories/rokae_best_isaacgym/93c041e068ba/isaacgym_seed0.log,/home/liang/Workspace/Isaacgym_cjlu/IsaacGymEnvs/train_dir/Adjusted_Roake0.14-0.06-0.02_allegro_kuka_throw_v1_pbt_8p/Adjusted_Roake0.14-0.06-0.02_allegro_kuka_throw_v1_pbt_8p_/runs/workspace_allegro_kuka/best3/AllegroKuka_best_obj_000000016.59546_iter_0489_policy002_frame9780068352.pth|/home/liang/Workspace/Isaacgym_cjlu/IsaacGymEnvs/train_dir/Adjusted_Roake0.14-0.06-0.02_allegro_kuka_throw_v1_pbt_8p/Adjusted_Roake0.14-0.06-0.02_allegro_kuka_throw_v1_pbt_8p_/runs/workspace_allegro_kuka/best4/AllegroKuka_best_obj_000000016.59546_iter_0489_policy002_frame9780068352.pth
757920ee970bf1ff759855d1de00d507056800f096afc25cb946feb3bfb9c91d,Adjusted_Roake0.14-0.06-0.02_allegro_kuka_throw_v1_pbt_8p,best3,/home/liang/Workspace/Isaacgym_cjlu/IsaacGymEnvs/train_dir/Adjusted_Roake0.14-0.06-0.02_allegro_kuka_throw_v1_pbt_8p/Adjusted_Roake0.14-0.06-0.02_allegro_kuka_throw_v1_pbt_8p_/runs/workspace_allegro_kuka/best3/AllegroKuka_best_obj_000000016.75916_iter_0490_policy002_frame9800122368.pth,16.75916,throw,AllegroRokaeLSTM_throw,2,16,0.0,0.0,0.4880222678184509,599.0,passed,0,/home/liang/Workspace/Ur5e_deploy/resources/trajectories/rokae_best_isaacgym/757920ee970b/isaacgym_seed0.log,/home/liang/Workspace/Isaacgym_cjlu/IsaacGymEnvs/train_dir/Adjusted_Roake0.14-0.06-0.02_allegro_kuka_throw_v1_pbt_8p/Adjusted_Roake0.14-0.06-0.02_allegro_kuka_throw_v1_pbt_8p_/runs/workspace_allegro_kuka/best3/AllegroKuka_best_obj_000000016.75916_iter_0490_policy002_frame9800122368.pth|/home/liang/Workspace/Isaacgym_cjlu/IsaacGymEnvs/train_dir/Adjusted_Roake0.14-0.06-0.02_allegro_kuka_throw_v1_pbt_8p/Adjusted_Roake0.14-0.06-0.02_allegro_kuka_throw_v1_pbt_8p_/runs/workspace_allegro_kuka/best4/AllegroKuka_best_obj_000000016.75916_iter_0490_policy002_frame9800122368.pth
23295b7e1aab23205ffb167f3feaae9d210caa90585d53bfdac70f4305d3401e,Adjusted_Roake0.14-0.06-0.02_allegro_kuka_throw_v1_pbt_8p,best3,/home/liang/Workspace/Isaacgym_cjlu/IsaacGymEnvs/train_dir/Adjusted_Roake0.14-0.06-0.02_allegro_kuka_throw_v1_pbt_8p/Adjusted_Roake0.14-0.06-0.02_allegro_kuka_throw_v1_pbt_8p_/runs/workspace_allegro_kuka/best3/AllegroKuka_best_obj_000000016.91626_iter_0499_policy002_frame9980084224.pth,16.91626,throw,AllegroRokaeLSTM_throw,2,16,0.0,0.0,-1.2183475494384766,599.0,passed,0,/home/liang/Workspace/Ur5e_deploy/resources/trajectories/rokae_best_isaacgym/23295b7e1aab/isaacgym_seed0.log,/home/liang/Workspace/Isaacgym_cjlu/IsaacGymEnvs/train_dir/Adjusted_Roake0.14-0.06-0.02_allegro_kuka_throw_v1_pbt_8p/Adjusted_Roake0.14-0.06-0.02_allegro_kuka_throw_v1_pbt_8p_/runs/workspace_allegro_kuka/best3/AllegroKuka_best_obj_000000016.91626_iter_0499_policy002_frame9980084224.pth|/home/liang/Workspace/Isaacgym_cjlu/IsaacGymEnvs/train_dir/Adjusted_Roake0.14-0.06-0.02_allegro_kuka_throw_v1_pbt_8p/Adjusted_Roake0.14-0.06-0.02_allegro_kuka_throw_v1_pbt_8p_/runs/workspace_allegro_kuka/best4/AllegroKuka_best_obj_000000016.91626_iter_0499_policy002_frame9980084224.pth
29cda315a4a7b5dfc353d4bbd5a4030021f8271340c2312d552d36a1d5f4c34f,Adjusted_Roake0.14-0.06-0.02_allegro_kuka_throw_v1_pbt_8p,best5,/home/liang/Workspace/Isaacgym_cjlu/IsaacGymEnvs/train_dir/Adjusted_Roake0.14-0.06-0.02_allegro_kuka_throw_v1_pbt_8p/Adjusted_Roake0.14-0.06-0.02_allegro_kuka_throw_v1_pbt_8p_/runs/workspace_allegro_kuka/best5/AllegroKuka_best_obj_000000017.56396_iter_0488_policy005_frame9760014336.pth,17.56396,throw,AllegroRokaeLSTM_throw,1,16,0.0,0.0,3.386153221130371,599.0,passed,0,/home/liang/Workspace/Ur5e_deploy/resources/trajectories/rokae_best_isaacgym/29cda315a4a7/isaacgym_seed0.log,/home/liang/Workspace/Isaacgym_cjlu/IsaacGymEnvs/train_dir/Adjusted_Roake0.14-0.06-0.02_allegro_kuka_throw_v1_pbt_8p/Adjusted_Roake0.14-0.06-0.02_allegro_kuka_throw_v1_pbt_8p_/runs/workspace_allegro_kuka/best5/AllegroKuka_best_obj_000000017.56396_iter_0488_policy005_frame9760014336.pth
42c0eb94eec424117479923b2c2574718a7335974e3124f158bf7df9224d848d,Adjusted_Roake0.14-0.06-0.02_allegro_kuka_throw_v1_pbt_8p,best5,/home/liang/Workspace/Isaacgym_cjlu/IsaacGymEnvs/train_dir/Adjusted_Roake0.14-0.06-0.02_allegro_kuka_throw_v1_pbt_8p/Adjusted_Roake0.14-0.06-0.02_allegro_kuka_throw_v1_pbt_8p_/runs/workspace_allegro_kuka/best5/AllegroKuka_best_obj_000000017.88867_iter_0489_policy005_frame9780068352.pth,17.88867,throw,AllegroRokaeLSTM_throw,1,16,0.0,0.0,4.799170970916748,599.0,passed,0,/home/liang/Workspace/Ur5e_deploy/resources/trajectories/rokae_best_isaacgym/42c0eb94eec4/isaacgym_seed0.log,/home/liang/Workspace/Isaacgym_cjlu/IsaacGymEnvs/train_dir/Adjusted_Roake0.14-0.06-0.02_allegro_kuka_throw_v1_pbt_8p/Adjusted_Roake0.14-0.06-0.02_allegro_kuka_throw_v1_pbt_8p_/runs/workspace_allegro_kuka/best5/AllegroKuka_best_obj_000000017.88867_iter_0489_policy005_frame9780068352.pth
95ae384f16b989d9d67f4f1b6c43251b64da3353990462bb441011d3a44b47ad,Adjusted_Roake0.14-0.06-0.02_allegro_kuka_throw_v1_pbt_8p,best5,/home/liang/Workspace/Isaacgym_cjlu/IsaacGymEnvs/train_dir/Adjusted_Roake0.14-0.06-0.02_allegro_kuka_throw_v1_pbt_8p/Adjusted_Roake0.14-0.06-0.02_allegro_kuka_throw_v1_pbt_8p_/runs/workspace_allegro_kuka/best5/AllegroKuka_best_obj_000000018.08752_iter_0490_policy005_frame9800122368.pth,18.08752,throw,AllegroRokaeLSTM_throw,1,16,0.0,0.0,-2.309321403503418,599.0,passed,0,/home/liang/Workspace/Ur5e_deploy/resources/trajectories/rokae_best_isaacgym/95ae384f16b9/isaacgym_seed0.log,/home/liang/Workspace/Isaacgym_cjlu/IsaacGymEnvs/train_dir/Adjusted_Roake0.14-0.06-0.02_allegro_kuka_throw_v1_pbt_8p/Adjusted_Roake0.14-0.06-0.02_allegro_kuka_throw_v1_pbt_8p_/runs/workspace_allegro_kuka/best5/AllegroKuka_best_obj_000000018.08752_iter_0490_policy005_frame9800122368.pth
96e33f46a1eca065e0517f1068827fbbec194ae8608bf38205c193e6d92e4cb0,Adjusted_Roake0.14-0.06-0.02_allegro_kuka_throw_v1_pbt_8p,best6,/home/liang/Workspace/Isaacgym_cjlu/IsaacGymEnvs/train_dir/Adjusted_Roake0.14-0.06-0.02_allegro_kuka_throw_v1_pbt_8p/Adjusted_Roake0.14-0.06-0.02_allegro_kuka_throw_v1_pbt_8p_/runs/workspace_allegro_kuka/best6/AllegroKuka_best_obj_000000017.50940_iter_0486_policy006_frame9722789888.pth,17.5094,throw,AllegroRokaeLSTM_throw,1,16,0.0,0.0,5.8483123779296875,599.0,passed,0,/home/liang/Workspace/Ur5e_deploy/resources/trajectories/rokae_best_isaacgym/96e33f46a1ec/isaacgym_seed0.log,/home/liang/Workspace/Isaacgym_cjlu/IsaacGymEnvs/train_dir/Adjusted_Roake0.14-0.06-0.02_allegro_kuka_throw_v1_pbt_8p/Adjusted_Roake0.14-0.06-0.02_allegro_kuka_throw_v1_pbt_8p_/runs/workspace_allegro_kuka/best6/AllegroKuka_best_obj_000000017.50940_iter_0486_policy006_frame9722789888.pth
8fd8d2ade3e88734fb3d845878cf3e564d142a1c368d7b053c44c6d9dc3cc08c,Adjusted_Roake0.14-0.06-0.02_allegro_kuka_throw_v1_pbt_8p,best6,/home/liang/Workspace/Isaacgym_cjlu/IsaacGymEnvs/train_dir/Adjusted_Roake0.14-0.06-0.02_allegro_kuka_throw_v1_pbt_8p/Adjusted_Roake0.14-0.06-0.02_allegro_kuka_throw_v1_pbt_8p_/runs/workspace_allegro_kuka/best6/AllegroKuka_best_obj_000000017.74133_iter_0488_policy006_frame9760014336.pth,17.74133,throw,AllegroRokaeLSTM_throw,1,16,0.0,0.0,6.314544200897217,599.0,passed,0,/home/liang/Workspace/Ur5e_deploy/resources/trajectories/rokae_best_isaacgym/8fd8d2ade3e8/isaacgym_seed0.log,/home/liang/Workspace/Isaacgym_cjlu/IsaacGymEnvs/train_dir/Adjusted_Roake0.14-0.06-0.02_allegro_kuka_throw_v1_pbt_8p/Adjusted_Roake0.14-0.06-0.02_allegro_kuka_throw_v1_pbt_8p_/runs/workspace_allegro_kuka/best6/AllegroKuka_best_obj_000000017.74133_iter_0488_policy006_frame9760014336.pth
058c3c6bfbcda5eea5e49c3b13914bc31a1e713d2359265827bf603fe95d6614,Adjusted_Roake0.14-0.06-0.02_allegro_kuka_throw_v1_pbt_8p,best6,/home/liang/Workspace/Isaacgym_cjlu/IsaacGymEnvs/train_dir/Adjusted_Roake0.14-0.06-0.02_allegro_kuka_throw_v1_pbt_8p/Adjusted_Roake0.14-0.06-0.02_allegro_kuka_throw_v1_pbt_8p_/runs/workspace_allegro_kuka/best6/AllegroKuka_best_obj_000000018.18103_iter_0489_policy006_frame9780068352.pth,18.18103,throw,AllegroRokaeLSTM_throw,1,16,0.0,0.0,7.3077898025512695,599.0,passed,0,/home/liang/Workspace/Ur5e_deploy/resources/trajectories/rokae_best_isaacgym/058c3c6bfbcd/isaacgym_seed0.log,/home/liang/Workspace/Isaacgym_cjlu/IsaacGymEnvs/train_dir/Adjusted_Roake0.14-0.06-0.02_allegro_kuka_throw_v1_pbt_8p/Adjusted_Roake0.14-0.06-0.02_allegro_kuka_throw_v1_pbt_8p_/runs/workspace_allegro_kuka/best6/AllegroKuka_best_obj_000000018.18103_iter_0489_policy006_frame9780068352.pth
