rank,new_filename,sha256,source_checkpoint,checkpoint_objective,max_successes,max_reported_mean_consecutive_successes,average_reward,average_steps,evaluation_source
1,rank01_1205_1_pbt8_obj26.59790_maxsucc13_reward1801.68_ce75dbf71304.pth,ce75dbf7130499a7d80f54eb472e7ff02a23f6be600f9816f770dedb5d3b94d1,/home/liang/Workspace/Isaacgym_cjlu/IsaacGymEnvs/train_dir/1205_1_LSTM_throw_v1_pbt_8p/1205_1_LSTM_throw_v1_pbt_8p_/runs/workspace_allegro_kuka/best0/AllegroKuka_best_obj_000000026.59790_iter_0416_policy002_frame8320057344.pth,26.59790,13,1.06,1801.682839786305,671.4705882352941,best_batch
2,rank02_1205_1_pbt8_obj26.79663_maxsucc12_reward2367.03_ac3fd6db6cb5.pth,ac3fd6db6cb585e2f7bcc5442ab810f7b33fbce2dfdd884d821383984f73b032,/home/liang/Workspace/Isaacgym_cjlu/IsaacGymEnvs/train_dir/1205_1_LSTM_throw_v1_pbt_8p/1205_1_LSTM_throw_v1_pbt_8p_/runs/workspace_allegro_kuka/best0/AllegroKuka_best_obj_000000026.79663_iter_0419_policy002_frame8380022784.pth,26.79663,12,1.44,2367.0269649730008,700.2352941176471,best_batch
3,rank03_1205LSTM_obj27.63306_maxsucc11_reward1778.05_3092dd56a54e.pth,3092dd56a54e63abe6d4f50f0cad65b7295613a6998c846e1a6bb865101c7850,/home/liang/Workspace/Isaacgym_cjlu/IsaacGymEnvs/train_dir/1205LSTM/best1/AllegroKuka_best_obj_000000027.63306_iter_0492_policy002_frame9840033792.pth,27.63306,11,1.0,1778.047654095818,670.8823529411765,best_batch
4,rank04_1205_1_pbt8_obj26.57373_maxsucc09_reward2072.81_3c84d0aeed3d.pth,3c84d0aeed3da02404073e9c7851bff2ac6b9e680ed7b5fcbc8d025120a59f0a,/home/liang/Workspace/Isaacgym_cjlu/IsaacGymEnvs/train_dir/1205_1_LSTM_throw_v1_pbt_8p/1205_1_LSTM_throw_v1_pbt_8p_/runs/workspace_allegro_kuka/best0/AllegroKuka_best_obj_000000026.57373_iter_0373_policy002_frame7460028416.pth,26.57373,9,1.38,2072.8123875668175,694.7368421052631,best_batch
5,rank05_1205LSTM_obj27.21460_maxsucc08_reward2487.39_e81b08f08304.pth,e81b08f08304cf495791de62ee9bbacd58fdd47367bc4d417f74d25ac576b6f3,/home/liang/Workspace/Isaacgym_cjlu/IsaacGymEnvs/train_dir/1205LSTM/best1/AllegroKuka_best_obj_000000027.21460_iter_0471_policy002_frame9420013568.pth,27.21460,8,0.94,2487.3893508911133,714.625,best_batch
6,rank06_1205LSTM_obj27.65112_maxsucc06_reward2494.02_5d6b5e33fb2f.pth,5d6b5e33fb2f937e80f9c361d587dbe5782c4ff8e4e8e77322925ed396ba8d46,/home/liang/Workspace/Isaacgym_cjlu/IsaacGymEnvs/train_dir/1205LSTM/best1/AllegroKuka_best_obj_000000027.65112_iter_0499_policy002_frame9980018688.pth,27.65112,6,1.06,2494.023162841797,706.6875,best_batch
7,rank07_1203_pbt6_obj15.22021_maxsucc03_reward771.14_170bfcd5604b.pth,170bfcd5604b50bb8b7e8aa3fd895f1002bdd9d7f3773eeef1d06c0f26bc6a6e,/home/liang/Workspace/Isaacgym_cjlu/IsaacGymEnvs/train_dir/1203_LSTM_throw_v1_pbt_6p/1203_LSTM_throw_v1_pbt_6p_/runs/workspace_allegro_kuka/best1/AllegroKuka_best_obj_000000015.22021_iter_0099_policy003_frame1980039168.pth,15.22021,3,0.25,771.1424603462219,620.75,best_batch
8,rank08_1203_pbt6_obj16.63745_maxsucc01_reward715.61_8e42e219834b.pth,8e42e219834b58746869165b854879dadc7aa6c81fff715e7c37a1838e4aa692,/home/liang/Workspace/Isaacgym_cjlu/IsaacGymEnvs/train_dir/1203_LSTM_throw_v1_pbt_6p/1203_LSTM_throw_v1_pbt_6p_/runs/workspace_allegro_kuka/best1/AllegroKuka_best_obj_000000016.63745_iter_0109_policy003_frame2180055040.pth,16.63745,1,0.31,715.6109085083008,648.375,best_batch
9,rank09_1203_pbt6_obj16.36719_maxsucc01_reward328.45_a19b9fe01dbb.pth,a19b9fe01dbbc1b54a1c98a9d2c61849b4bb08737510536d0c26acb42f43a0c8,/home/liang/Workspace/Isaacgym_cjlu/IsaacGymEnvs/train_dir/1203_LSTM_throw_v1_pbt_6p/1203_LSTM_throw_v1_pbt_6p_/runs/workspace_allegro_kuka/best1/AllegroKuka_best_obj_000000016.36719_iter_0101_policy003_frame2020016128.pth,16.36719,1,0.06,328.44593048095703,623.0,best_batch
10,rank10_1009_lstm_obj13.42255_maxsucc01_reward300.99_1cd369cc1580.pth,1cd369cc15803302c219db826e871c78744ae88669c1fa15ebf89196ce0d4adf,/home/liang/Workspace/Isaacgym_cjlu/IsaacGymEnvs/train_dir/1009LSTM/AllegroKuka_best_obj_000000013.42255_iter_0035_policy000_frame700186624.pth,13.42254638671875,1,0,300.99182891845703,610.75,shallow_batch
11,rank11_1125_lstm_obj20.23584_maxsucc01_reward257.36_e8d697882bb2.pth,e8d697882bb2f24da313384dedfd44cb8ad042e90f9d40e981e2a4713421fea2,/home/liang/Workspace/Isaacgym_cjlu/IsaacGymEnvs/train_dir/1125LSTM/AllegroKuka_best_obj_000000020.23584_iter_0230_policy000_frame4600037376.pth,20.23583984375,1,0,257.3617706298828,608.5625,shallow_batch
